ItemName,ItemName_Japanese,ItemType,Bonus_Stats,Craft_Location,NPC_or_Facility,Materials,Skill_Rank,Contribution_Cost,Unlock_Conditions,Tradable_Bound,Notes,Data_Status,Source_URLs,Added_In_This_Version,Review_Priority
Mortarboard,モルタルボード,Academic headwear,Durability 50 for crafted version; Formality 15; Defense stat 5; Language +1,Florence special production / Medici-related special production,Anita (database labels as Florence Chamber of Commerce / special production),Wool x20; Wool Fabric x20; Gold Thread x5,Handicrafts rank 6,Handicrafts contribution 100,Total fame 2500,Not specified publicly,Item page distinguishes an Oxford sold version and a crafted version.,Confirmed,https://gvdb.mydns.jp/db/module/TradeDB/action/ItemShow?id=4379 | https://gvdb.mydns.jp/db/module/TradeDB/action/ItemShow?id=4091,No,Normal
Feather Accessory,フェザーアクセサリー,Accessory,Lookout +1,Florence special production / Medici special production,Anita,Eagle Feathers x20; Tanned Leather x2; Natal Indigo x5,Handicrafts rank 10,Handicrafts contribution 560,No extra condition specified in extracted report,Not specified publicly,Bonus confirmed by category/Lookout boost index.,Confirmed,https://gvdb.mydns.jp/db/module/TradeDB/action/ItemShow?id=4091 | https://gvo.gamedb.info/wiki/?BoostItem%2Fmer4%2FCategory3=,No,Normal
High-grade Amethyst Earrings,高級アメジストの耳飾り,Accessory,Durability 30; Formality 40; Precious Metals Trading +1; Social +1; fame 5000,Florence special production / Medici special production,Anita,Gold x3; Supreme Amethyst x7; High-grade Amethyst x50,Handicrafts rank 10,Handicrafts contribution 400,No extra condition specified in extracted report,Not specified publicly,Confirmed item page and Anita recipe.,Confirmed,https://gvdb.mydns.jp/db/module/TradeDB/action/ItemShow?id=5645 | https://gvdb.mydns.jp/db/module/TradeDB/action/ItemShow?id=4091,No,Normal
High-grade Amethyst Necklace,高級アメジストの首飾り,Accessory,Durability 30; Formality 40; Crafts Trading +1; Social +1; fame 5000,Florence special production / Medici special production,Anita,Gold x3; Supreme Amethyst x20; High-grade Amethyst x50,Handicrafts rank 10,Handicrafts contribution 400,No extra condition specified in extracted report,Not specified publicly,Confirmed item page and Anita recipe.,Confirmed,https://gvdb.mydns.jp/db/module/TradeDB/action/ItemShow?id=5646 | https://gvdb.mydns.jp/db/module/TradeDB/action/ItemShow?id=4091,No,Normal
Ribbon & Feather,リボン＆フェザー,Accessory / exact slot needs in-game check,Gathering +1,Florence special production / Medici special production,Anita,Leather Laces x30; Eagle Feathers x10; Tanned Leather x2,Handicrafts rank 10,Handicrafts contribution 550,No extra condition specified in extracted report,Not specified publicly,Bonus confirmed by merchant/production boost index; exact equipment slot should be checked in game.,"Confirmed bonus, slot not fully resolved",https://gvdb.mydns.jp/db/module/TradeDB/action/ItemShow?id=4091 | https://gvo.gamedb.info/wiki/?BoostItem%2Fmer3=,No,Normal
High-grade Diamond Earrings,高級ダイヤモンドの耳飾り,Accessory / jewelry,Durability 30; Formality 40; Precious Metals Trading +1; Accounting +1; total fame 5000 (family values confirmed on boost tables/item family),"Florence special production / Medici Workshop; accessed through NPC special production menu, not by carrying a normal recipe book",Anita / Chamber of Commerce special production,Gold x3; Supreme Diamond x7; High-grade Diamond x50,Handicrafts / Crafts rank 10,Handicrafts contribution 400,None specified beyond access to Florence special production,Not specified publicly,"Same Florence high-grade gem family as Amethyst accessories; each earring uses 7 supreme gems, each necklace uses 20 supreme gems.",Confirmed bonus + confirmed special recipe,https://gvdb.mydns.jp/db/module/TradeDB/action/ItemShow?id=4091 | https://w.atwiki.jp/wiki11_dol/pages/15.html | https://w.atwiki.jp/wiki11_dol/pages/37.html,No,Normal
High-grade Diamond Necklace,高級ダイヤモンドの首飾り,Accessory / jewelry,Durability 30; Formality 40; Crafts Trading +1; Accounting +1; total fame 5000 (family values confirmed on boost tables/item family),"Florence special production / Medici Workshop; accessed through NPC special production menu, not by carrying a normal recipe book",Anita / Chamber of Commerce special production,Gold x3; Supreme Diamond x20; High-grade Diamond x50,Handicrafts / Crafts rank 10,Handicrafts contribution 400,None specified beyond access to Florence special production,Not specified publicly,"Same Florence high-grade gem family as Amethyst accessories; each earring uses 7 supreme gems, each necklace uses 20 supreme gems.",Confirmed bonus + confirmed special recipe,https://gvdb.mydns.jp/db/module/TradeDB/action/ItemShow?id=4091 | https://w.atwiki.jp/wiki11_dol/pages/15.html | https://w.atwiki.jp/wiki11_dol/pages/20.html,No,Normal
High-grade Emerald Earrings,高級エメラルドの耳飾り,Accessory / jewelry,Durability 30; Formality 40; Precious Metals Trading +1; Persuasion +1; total fame 5000 (family values confirmed on boost tables/item family),"Florence special production / Medici Workshop; accessed through NPC special production menu, not by carrying a normal recipe book",Anita / Chamber of Commerce special production,Gold x3; High-grade Emerald x50; Supreme Emerald x7,Handicrafts / Crafts rank 10,Handicrafts contribution 400,None specified beyond access to Florence special production,Not specified publicly,"Same Florence high-grade gem family as Amethyst accessories; each earring uses 7 supreme gems, each necklace uses 20 supreme gems.",Confirmed bonus + confirmed special recipe,https://gvdb.mydns.jp/db/module/TradeDB/action/ItemShow?id=4091 | https://w.atwiki.jp/wiki11_dol/pages/108.html | https://w.atwiki.jp/wiki11_dol/pages/37.html,No,Normal
High-grade Emerald Necklace,高級エメラルドの首飾り,Accessory / jewelry,Durability 30; Formality 40; Crafts Trading +1; Persuasion +1; total fame 5000 (family values confirmed on boost tables/item family),"Florence special production / Medici Workshop; accessed through NPC special production menu, not by carrying a normal recipe book",Anita / Chamber of Commerce special production,Gold x3; High-grade Emerald x50; Supreme Emerald x20,Handicrafts / Crafts rank 10,Handicrafts contribution 400,None specified beyond access to Florence special production,Not specified publicly,"Same Florence high-grade gem family as Amethyst accessories; each earring uses 7 supreme gems, each necklace uses 20 supreme gems.",Confirmed bonus + confirmed special recipe,https://gvdb.mydns.jp/db/module/TradeDB/action/ItemShow?id=4091 | https://w.atwiki.jp/wiki11_dol/pages/108.html | https://w.atwiki.jp/wiki11_dol/pages/20.html,No,Normal
High-grade Garnet Earrings,高級ガーネットの耳飾り,Accessory / jewelry,Durability 30; Formality 40; Precious Metals Trading +1; Vigilance +1; total fame 5000 (family values confirmed on boost tables/item family),"Florence special production / Medici Workshop; accessed through NPC special production menu, not by carrying a normal recipe book",Anita / Chamber of Commerce special production,Gold x3; Supreme Garnet x7; High-grade Garnet x50,Handicrafts / Crafts rank 10,Handicrafts contribution 400,None specified beyond access to Florence special production,Not specified publicly,"Same Florence high-grade gem family as Amethyst accessories; each earring uses 7 supreme gems, each necklace uses 20 supreme gems.",Confirmed bonus + confirmed special recipe,https://gvdb.mydns.jp/db/module/TradeDB/action/ItemShow?id=4091 | https://w.atwiki.jp/wiki11_dol/pages/100.html | https://w.atwiki.jp/wiki11_dol/pages/37.html,No,Normal
High-grade Garnet Necklace,高級ガーネットの首飾り,Accessory / jewelry,Durability 30; Formality 40; Crafts Trading +1; Vigilance +1; total fame 5000 (family values confirmed on boost tables/item family),"Florence special production / Medici Workshop; accessed through NPC special production menu, not by carrying a normal recipe book",Anita / Chamber of Commerce special production,Gold x3; Supreme Garnet x20; High-grade Garnet x50,Handicrafts / Crafts rank 10,Handicrafts contribution 400,None specified beyond access to Florence special production,Not specified publicly,"Same Florence high-grade gem family as Amethyst accessories; each earring uses 7 supreme gems, each necklace uses 20 supreme gems.",Confirmed bonus + confirmed special recipe,https://gvdb.mydns.jp/db/module/TradeDB/action/ItemShow?id=4091 | https://w.atwiki.jp/wiki11_dol/pages/100.html | https://w.atwiki.jp/wiki11_dol/pages/20.html,No,Normal
High-grade Sapphire Earrings,高級サファイアの耳飾り,Accessory / jewelry,Durability 30; Formality 40; Precious Metals Trading +1; Supply +1; total fame 5000 (family values confirmed on boost tables/item family),"Florence special production / Medici Workshop; accessed through NPC special production menu, not by carrying a normal recipe book",Anita / Chamber of Commerce special production,Gold x3; High-grade Sapphire x50; Supreme Sapphire x7,Handicrafts / Crafts rank 10,Handicrafts contribution 400,None specified beyond access to Florence special production,Not specified publicly,"Same Florence high-grade gem family as Amethyst accessories; each earring uses 7 supreme gems, each necklace uses 20 supreme gems.",Confirmed bonus + confirmed special recipe,https://gvdb.mydns.jp/db/module/TradeDB/action/ItemShow?id=4091 | https://w.atwiki.jp/wiki11_dol/pages/89.html | https://w.atwiki.jp/wiki11_dol/pages/37.html,No,Normal
High-grade Sapphire Necklace,高級サファイヤの首飾り,Accessory / jewelry,Durability 30; Formality 40; Crafts Trading +1; Supply +1; total fame 5000 (family values confirmed on boost tables/item family),"Florence special production / Medici Workshop; accessed through NPC special production menu, not by carrying a normal recipe book",Anita / Chamber of Commerce special production,Gold x3; High-grade Sapphire x50; Supreme Sapphire x20,Handicrafts / Crafts rank 10,Handicrafts contribution 400,None specified beyond access to Florence special production,Not specified publicly,"Same Florence high-grade gem family as Amethyst accessories; each earring uses 7 supreme gems, each necklace uses 20 supreme gems.",Confirmed bonus + confirmed special recipe,https://gvdb.mydns.jp/db/module/TradeDB/action/ItemShow?id=4091 | https://w.atwiki.jp/wiki11_dol/pages/89.html | https://w.atwiki.jp/wiki11_dol/pages/20.html,No,Normal
Jewels Box,ジュエルズボックス,Accessory / jewelry,Durability 30; Formality 70; Gem Trading +2; Sundries Trading +1; total fame 5000,"Florence special production / Medici Workshop; accessed through NPC special production menu, not by carrying a normal recipe book",Anita,Supreme Amethyst x3; High-grade Platinum x10; Supreme Sapphire x15,Handicrafts / Crafts rank 17,Handicrafts contribution 1200,None specified beyond access to Florence special production,Not specified publicly,,Confirmed bonus + confirmed special recipe,https://gvdb.mydns.jp/db/module/TradeDB/action/ItemShow?id=4091 | https://w.atwiki.jp/wiki11_dol/pages/77.html,No,Normal
Jewels Clock,ジュエルズクロック,Accessory / jewelry,Durability 30; Formality 70; Management +2; total fame 5000,"Florence special production / Medici Workshop; accessed through NPC special production menu, not by carrying a normal recipe book",Anita,Supreme Diamond x10; High-grade Platinum x15; High-grade Sapphire x3,Handicrafts / Crafts rank 17,Handicrafts contribution 1200,None specified beyond access to Florence special production,Not specified publicly,,Confirmed bonus + confirmed special recipe,https://gvdb.mydns.jp/db/module/TradeDB/action/ItemShow?id=4091 | https://gvdb.mydns.jp/db/module/TradeDB/action/ItemShow?id=5496 | https://w.atwiki.jp/wiki11_dol/pages/114.html,No,Normal
Jewels Mirror,ジュエルズミラー,Accessory / jewelry,Durability 30; Formality 70; Handicrafts/Crafts +1; Sundries Trading +1; total fame 5000,"Florence special production / Medici Workshop; accessed through NPC special production menu, not by carrying a normal recipe book",Anita,Supreme Diamond x7; High-grade Platinum x5; Supreme Garnet x3,Handicrafts / Crafts rank 17,Handicrafts contribution 1200,None specified beyond access to Florence special production,Not specified publicly,,Confirmed bonus + confirmed special recipe,https://gvdb.mydns.jp/db/module/TradeDB/action/ItemShow?id=4091 | https://w.atwiki.jp/wiki11_dol/pages/45.html,No,Normal
Jewels Necklace,ジュエルズネックレス,Accessory / jewelry,Durability 30; Formality 70; Gem Trading +2; Precious Metals Trading +1; total fame 5000,"Florence special production / Medici Workshop; accessed through NPC special production menu, not by carrying a normal recipe book",Anita,Supreme Amethyst x3; Supreme Diamond x15; High-grade Platinum x10,Handicrafts / Crafts rank 17,Handicrafts contribution 1200,None specified beyond access to Florence special production,Not specified publicly,,Confirmed bonus + confirmed special recipe,https://gvdb.mydns.jp/db/module/TradeDB/action/ItemShow?id=4091 | https://gvdb.mydns.jp/db/module/TradeDB/action/ItemShow?id=5493 | https://w.atwiki.jp/wiki11_dol/pages/37.html,No,Normal
Jewels Orb,ジュエルズオーブ,Accessory / jewelry,Durability 30; Formality 70; Cooking +1; total fame 5000,"Florence special production / Medici Workshop; accessed through NPC special production menu, not by carrying a normal recipe book",Anita,Supreme Amethyst x5; High-grade Platinum x10; High-grade Emerald x3,Handicrafts / Crafts rank 17,Handicrafts contribution 1200,None specified beyond access to Florence special production,Not specified publicly,,Confirmed bonus + confirmed special recipe,https://gvdb.mydns.jp/db/module/TradeDB/action/ItemShow?id=4091 | https://w.atwiki.jp/wiki11_dol/pages/58.html,No,Normal
Jewels Pendant,ジュエルズペンダント,Accessory / jewelry,Durability 30; Formality 70; Sundries Trading +2; Art Trading +1; total fame 5000,"Florence special production / Medici Workshop; accessed through NPC special production menu, not by carrying a normal recipe book",Anita,Supreme Diamond x20; High-grade Platinum x10; High-grade Emerald x3,Handicrafts / Crafts rank 17,Handicrafts contribution 1200,None specified beyond access to Florence special production,Not specified publicly,,Confirmed bonus + confirmed special recipe,https://gvdb.mydns.jp/db/module/TradeDB/action/ItemShow?id=4091 | https://gvdb.mydns.jp/db/module/TradeDB/action/ItemShow?id=5494 | https://w.atwiki.jp/wiki11_dol/pages/94.html,No,Normal
Platinum Brooch,プラチナブローチ,Accessory / jewelry,Durability 30; Formality 70; Handicrafts/Crafts +1; total fame 5000,"Florence special production / Medici Workshop; accessed through NPC special production menu, not by carrying a normal recipe book",Anita,Gold x3; High-grade Platinum x15; Supreme Platinum x5,Handicrafts / Crafts rank 17,Handicrafts contribution 1200,None specified beyond access to Florence special production,Not specified publicly,,Confirmed bonus + confirmed special recipe,https://gvdb.mydns.jp/db/module/TradeDB/action/ItemShow?id=4091 | https://w.atwiki.jp/wiki11_dol/pages/45.html,No,Normal
Platinum Laurel Wreath,白金のローレルリース,Accessory / wreath,Durability 50; Formality 10; Defense stat 5; Casting +1; Ore Trading +2; fame 7000,Florence special production / Medici special production,Anita,Silverwork x10; High-grade Platinum x8; Supreme Platinum x2,Handicrafts rank 15,Handicrafts contribution 1200,No extra condition specified in extracted report,Not specified publicly,Strong production/trading accessory from Anita chain.,Confirmed in report; source URL partially inferred from Anita page,https://gvdb.mydns.jp/db/module/TradeDB/action/ItemShow?id=4091,No,Normal
Diamond Panja,金剛石のパンジャ,Hand equipment,Durability 50; Formality 20; Defense stat 5; Storage +1; Gathering +2; total fame 5000,"Florence special production / Medici Workshop; accessed through NPC special production menu, not by carrying a normal recipe book",Anita,Jewelry x10; Gold x20; High-grade Diamond x40,Handicrafts / Crafts rank 13,Handicrafts contribution 800,None specified beyond access to Florence special production,Not specified publicly,,Confirmed bonus + confirmed special recipe,https://gvdb.mydns.jp/db/module/TradeDB/action/ItemShow?id=4091 | https://gvdb.mydns.jp/db/module/TradeDB/action/ItemShow?id=6019,No,Normal
Natural History Encyclopedia,博物全書,Handheld / book,Durability 20; Biology +1; Geography +1; total fame 12000,"Florence special production / Medici Workshop; accessed through NPC special production menu, not by carrying a normal recipe book",Anita,Graphite x30; Western Books x3; Tanned Leather x3,Handicrafts / Crafts rank 15,Handicrafts contribution 400,Cultural contribution 19000,Not specified publicly,,Confirmed bonus + confirmed special recipe,https://gvdb.mydns.jp/db/module/TradeDB/action/ItemShow?id=4091 | https://w.atwiki.jp/wiki11_dol/pages/70.html,No,Normal
Round Beret,ラウンドベレー,Headwear,Defense stat 5; Formality 15; Durability 80; Religion +1; Archaeology +1; total fame 5000,"Florence special production / Medici Workshop; accessed through NPC special production menu, not by carrying a normal recipe book",Anita,Velvet x30; Satin x30; Supreme Dye x4,Handicrafts / Crafts rank 15,Handicrafts contribution 500,Cultural contribution 30000; Culture Contributor title/condition mentioned on boost page,Not specified publicly,,Confirmed bonus + confirmed special recipe,https://gvdb.mydns.jp/db/module/TradeDB/action/ItemShow?id=4091 | https://w.atwiki.jp/wiki11_dol/pages/71.html | https://w.atwiki.jp/wiki11_dol/pages/74.html,No,Normal
Trenders Hat,トレンダーズハット,Headwear,Defense stat 6; Durability 30; Formality 50; Art Trading +1; Body Language +1; total fame 500,"Florence special production / Medici Workshop; accessed through NPC special production menu, not by carrying a normal recipe book",Anita,Gold Thread x30; Embroidery Thread x40; Supreme Dye x5,Handicrafts / Crafts rank 15,Handicrafts contribution 900,None specified beyond access to Florence special production,Not specified publicly,Boost table lists event/chest sources too; recipe line confirms Florence/Anita special production.,Confirmed bonus + confirmed special recipe,https://gvdb.mydns.jp/db/module/TradeDB/action/ItemShow?id=4091 | https://w.atwiki.jp/wiki11_dol/pages/94.html | https://w.atwiki.jp/wiki11_dol/pages/99.html,No,Normal
Platinum Accessoire,白金のアクセスワール,Headwear / hair ornament,Durability 50; Formality 20; Defense stat 5; Fragrance Trading +1; Precious Metals Trading +1; total fame 500; female only,"Florence special production / Medici Workshop; accessed through NPC special production menu, not by carrying a normal recipe book",Anita,Silverwork x10; High-grade Platinum x10; Supreme Garnet x5,Handicrafts / Crafts rank 12,Handicrafts contribution 400,Female only,Not specified publicly,Official update page confirms the listed bonuses for this Medici Workshop production item.,Confirmed bonus + confirmed special recipe,https://gvdb.mydns.jp/db/module/TradeDB/action/ItemShow?id=4091 | https://www.gamecity.ne.jp/dol/topics_cms/update/7227.html,No,Normal
Astronomical Telescope,天体望遠鏡,Tool,Geography +1; Astronomy +1; use effect: Surveying,Florence special production / Medici special production,Anita,Lumber x30; Simple Telescope x1; Tanned Leather x3,Handicrafts rank 15,Handicrafts contribution 430,Cultural contribution 20000,Not specified publicly,Bonus confirmed by adventure/observation boost index; recipe confirmed under Anita.,Confirmed,https://gvdb.mydns.jp/db/module/TradeDB/action/ItemShow?id=4091 | https://gvo.gamedb.info/wiki/?BoostItem%2Fadv2=,No,Normal
Easel & Canvas,イーゼル＆キャンバス,Tool / hand equipment,Durability 50; Fine Arts +1; fame 6300,Florence special production / Medici special production,Anita,Parchment x20; Iron x5; Lumber x50,Handicrafts rank 12,Handicrafts contribution 300,Cultural contribution 10000,Not specified publicly,Confirmed Anita special craft.,Confirmed,https://gvdb.mydns.jp/db/module/TradeDB/action/ItemShow?id=4148 | https://gvdb.mydns.jp/db/module/TradeDB/action/ItemShow?id=4091,No,Normal
Sapphire Dagger,蒼玉の短剣,Weapon / throwing knife,Durability 50; Formality 10; Attack stat 30; Handicrafts/Crafts +1; Industrial Goods Trading +2; total fame 7000,"Florence special production / Medici Workshop; accessed through NPC special production menu, not by carrying a normal recipe book",Anita,Steel x20; Goldwork x10; Supreme Sapphire x10,Handicrafts / Crafts rank 14,Handicrafts contribution 1000,None specified beyond access to Florence special production,Not specified publicly,,Confirmed bonus + confirmed special recipe,https://gvdb.mydns.jp/db/module/TradeDB/action/ItemShow?id=4091 | https://gvdb.mydns.jp/db/module/TradeDB/action/ItemShow?id=6018 | https://w.atwiki.jp/wiki11_dol/pages/78.html,No,Normal
Flower Accessory,フラワーアクセサリー,Accessory / head/accessory,Bonus needs verification,"Florence special production / Medici Workshop; accessed through NPC special production menu, not by carrying a normal recipe book",Roberta,Jewelry x20; White Flower x40; Satin x3,Sewing rank 10,Sewing contribution 510,Cumulative contribution threshold reported by community note,Not specified publicly,,Recipe confirmed; bonus needs item-page or in-game verification,https://gvdb.mydns.jp/db/module/TradeDB/action/ItemShow?id=4101 | https://gvdb.mydns.jp/db/module/TradeDB/action/ItemShow?id=954,No,Normal
Academic Dress,アカデミックドレス,Body clothing,Body Language +1; Social +1; Oxford/vendor version also exists; Florence craft produces same named item,"Florence special production / Medici Workshop; accessed through NPC special production menu, not by carrying a normal recipe book",Roberta,Lace x30; Woolen Fabric x40; High-grade Clothing x5,Sewing rank 6,Sewing contribution 100,None specified beyond access to Florence special production,Not specified publicly,"Special production recipe confirmed; item also obtainable from Oxford, so source column notes both.",Confirmed bonus + confirmed special recipe,https://gvdb.mydns.jp/db/module/TradeDB/action/ItemShow?id=4101 | https://w.atwiki.jp/wiki11_dol/pages/99.html,No,Normal
Academic Gown,アカデミックガウン,Body clothing,Defense stat 10; Formality 20; Durability 30; Management +1; Navigation +1; Arms/Weaponry Technology +1; total fame 60000,"Florence special production / Medici Workshop; accessed through NPC special production menu, not by carrying a normal recipe book",Roberta,High-grade Clothing x30; Gold Thread x50; Supreme Dye x2,Sewing rank 13,Sewing contribution 500,Paper/thesis submission count condition; boost table mentions Navigator Doctor title/source,Not specified publicly,Boost table lists title/thesis conditions; recipe line confirms Florence/Roberta Sewing R13.,Confirmed bonus + confirmed special recipe,https://gvdb.mydns.jp/db/module/TradeDB/action/ItemShow?id=4101 | https://w.atwiki.jp/wiki11_dol/pages/114.html | https://w.atwiki.jp/wiki11_dol/pages/115.html,No,Normal
Gown & Surcoat,ガウン＆シュルコー,Body clothing,Defense stat 10; Formality 15; Durability 35; Fine Arts +1; Treasure Appraisal +1,"Florence special production / Medici Workshop; accessed through NPC special production menu, not by carrying a normal recipe book",Roberta,Velvet x30; Satin x50; Supreme Dye x2,Sewing rank 15,Sewing contribution 600,Cultural contribution 30000,Not specified publicly,,Confirmed bonus + confirmed special recipe,https://gvdb.mydns.jp/db/module/TradeDB/action/ItemShow?id=4101 | https://gvdb.mydns.jp/db/module/TradeDB/action/ItemShow?id=996,No,Normal
Clavi Toga,クラヴィトーガ,Body clothing / armor,Social +1,Florence special production / Medici special production,Roberta,Gold Thread x30; Premium Dye x3; High-grade Velvet x30,Sewing rank 12,Sewing contribution 500,Roman coins cumulative condition mentioned; exact threshold not resolved in extracted report,Not specified publicly,Condition exists but exact Roman coin threshold not visible in retrieved line.,"Confirmed, condition threshold incomplete",https://gvdb.mydns.jp/db/module/TradeDB/action/ItemShow?id=4101 | https://gvo.gamedb.info/wiki/?BoostItem%2Fmer1=,No,High
Caterina Dress,カテリーナドレス,Dress / body clothing,Special-production variant confirmed: Durability 50; Defense stat 10; Formality 45; Fine Arts +1,Florence special production / Medici special production,Roberta,Pearl x20; Gold Thread x50; Satin x40,Sewing rank 14,Sewing contribution 543,Community-observed cumulative contribution threshold; exact threshold not safely resolved,Not specified publicly,Other versions of the same named item exist; this row is for the Florence special production Fine Arts +1 variant.,"Confirmed, unlock threshold incomplete",https://gvdb.mydns.jp/db/module/TradeDB/action/ItemShow?id=4101 | https://gvo.gamedb.info/wiki/?EquipmentItem%2FBody11=,No,High
Amazon Flower Accessory,アマゾンの花飾り,Head/accessory,Bonus needs verification,"Florence special production / Medici Workshop; accessed through NPC special production menu, not by carrying a normal recipe book",Roberta,Red Flower x20; Strange Fruit x20; Huge Leaf x20,Sewing rank 11,Sewing contribution 340,None specified beyond access to Florence special production,Not specified publicly,,Recipe confirmed; bonus needs item-page or in-game verification,https://gvdb.mydns.jp/db/module/TradeDB/action/ItemShow?id=4101 | https://gvdb.mydns.jp/db/module/TradeDB/action/ItemShow?id=978,No,Normal
Peruke & Ribbon,ペリューク＆リボン,Headwear / wig,Bonus needs verification,"Florence special production / Medici Workshop; accessed through NPC special production menu, not by carrying a normal recipe book",Roberta,Lace x20; Velvet x20; Horse x3,Sewing rank 10,Sewing contribution 510,Cumulative contribution threshold reported by community note,Not specified publicly,,Recipe confirmed; bonus needs item-page or in-game verification,https://gvdb.mydns.jp/db/module/TradeDB/action/ItemShow?id=4101 | https://gvdb.mydns.jp/db/module/TradeDB/action/ItemShow?id=902,No,Normal
Cross Helm,クロスヘルム,Head armor / helmet,Defense stat 35; special crafted helmet; no skill boost found in retrieved data,"Florence special production / Medici Workshop; accessed through NPC special production menu, not by carrying a normal recipe book",Zita,Iron x30; Coal x20; Steel x50,Casting rank 11,Casting contribution 174,None specified beyond access to Florence special production,Not specified publicly,Included because it is a special-craft armor piece with a strong defense stat. Skill boost not confirmed in retrieved source.,Recipe confirmed; bonus/stat confirmed; skill boost not found,https://gvdb.mydns.jp/db/module/TradeDB/action/ItemShow?id=4104 | https://w.atwiki.jp/wiki11_dol/pages/61.html,No,Normal
Composite Bow,コンポジットボウ,Weapon / bow,Sniping +2,"Florence special production / Medici Workshop; accessed through NPC special production menu, not by carrying a normal recipe book",Zita,Lumber x20; Ebony x20; Short Bow x1,Casting rank 12,Casting contribution 400,"80,000 cumulative Roman coins; talk to Lorenzo de Medici to unlock per community note",Not specified publicly,,Confirmed bonus + confirmed special recipe,https://gvdb.mydns.jp/db/module/TradeDB/action/ItemShow?id=4104 | https://w.atwiki.jp/zero-flora/pages/234.html,No,Normal
Sword Breaker,ソードブレイカー,Weapon / dagger,Attack stat 51; Defense stat 10; Durability 150; Defense +2; total fame 15000,"Florence special production / Medici Workshop; accessed through NPC special production menu, not by carrying a normal recipe book",Zita,Short Sword x1; Coal x30; Main Gauche x1,Casting rank 13,Casting contribution 730,Cumulative contribution threshold reported by boost page,Not specified publicly,,Confirmed bonus + confirmed special recipe,https://gvdb.mydns.jp/db/module/TradeDB/action/ItemShow?id=4104 | https://w.atwiki.jp/wiki11_dol/pages/98.html,No,Normal
Spontoon,スポントゥーン,Weapon / spear,Applied Swordplay +2,"Florence special production / Medici Workshop; accessed through NPC special production menu, not by carrying a normal recipe book",Zita,Coal x30; Steel x40; Pike x1,Casting rank 13,Casting contribution 400,"100,000 cumulative Roman coins",Not specified publicly,,Confirmed bonus + confirmed special recipe,https://gvdb.mydns.jp/db/module/TradeDB/action/ItemShow?id=4104 | https://w.atwiki.jp/zero-flora/pages/234.html,No,Normal
Dress Sword,ドレスソード,Weapon / sword,Attack stat 22; Defense stat 18; Formality 50; Crafts Trading +1; total fame 65000,"Florence special production / Medici Workshop; accessed through NPC special production menu, not by carrying a normal recipe book",Zita,Jewelry x20; One-handed Sword x2; Gold x30,Casting rank 13,Casting contribution 800,Royal Fleet achievement 10000 points; Navy Ensign or higher listed on boost table,Not specified publicly,,Confirmed bonus + confirmed special recipe,https://gvdb.mydns.jp/db/module/TradeDB/action/ItemShow?id=4104 | https://w.atwiki.jp/wiki11_dol/pages/20.html,No,Normal
Draped Dress,ドレープドレス,Body clothing,"Social +2; some non-Lorenzo versions add Industrial Goods Trading +1, so verify exact color/version in game",Florence special production / Lorenzo de Medici monthly recipe rotation; accessed through NPC special production menu,Lorenzo de Medici,Lace x40; Silk Fabric x20; Gold Thread x50,Sewing rank 14,Contribution 400,Server-wide monthly rotation; likely female-only,Not specified publicly,Boost source confirms Social +2 for Lorenzo de Medici version and notes other variant stats separately.,Confirmed bonus + confirmed special recipe,https://gvdb.mydns.jp/db/module/TradeDB/action/ItemShow?id=4726 | https://w.atwiki.jp/wiki11_dol/pages/14.html,No,Normal
Frock Coat,フロックコート,Body clothing,Bonus needs verification,Florence special production / Lorenzo de Medici monthly recipe rotation; accessed through NPC special production menu,Lorenzo de Medici,Woolen Fabric x50; Gold x10; Supreme Dye x5,Sewing rank 15,Contribution 500,Server-wide monthly rotation,Not specified publicly,,Recipe confirmed; bonus needs item-page or in-game verification,https://gvdb.mydns.jp/db/module/TradeDB/action/ItemShow?id=4726,No,Normal
Reveur/Ruveil Robe,ルヴェールローブ,Body clothing,"Social +2; some non-Lorenzo versions add Luxury Goods Trading +1, so verify exact color/version in game",Florence special production / Lorenzo de Medici monthly recipe rotation; accessed through NPC special production menu,Lorenzo de Medici,Silk Fabric x30; High-grade Dye x5; High-grade Velvet x10,Sewing rank 14,Contribution 400,Server-wide monthly rotation; likely male-only,Not specified publicly,Item is often translated several ways; Japanese name is the safest identifier.,Confirmed bonus + confirmed special recipe,https://gvdb.mydns.jp/db/module/TradeDB/action/ItemShow?id=4726 | https://w.atwiki.jp/wiki11_dol/pages/14.html,No,Normal
Mini Silk Hat,ミニシルクハット,Headwear,Bonus needs verification,Florence special production / Lorenzo de Medici monthly recipe rotation; accessed through NPC special production menu,Lorenzo de Medici,Lace x40; Silk Fabric x50; Supreme Dye x2,Handicrafts / Crafts rank 15,Contribution 300,Server-wide monthly rotation; female-only recipe label,Not specified publicly,,Recipe confirmed; bonus needs item-page or in-game verification,https://gvdb.mydns.jp/db/module/TradeDB/action/ItemShow?id=4726,No,Normal
Silk Hat,シルクハット,Headwear,Durability 50; Formality 30; Defense stat 6; no skill boost on Lorenzo black/purple/green version; other versions can have Dye Trading +1 or Social +1/Persuasion +1,Florence special production / Lorenzo de Medici monthly recipe rotation; accessed through NPC special production menu,Lorenzo de Medici,Silk Fabric x50; Satin x20; Supreme Dye x5,Sewing rank 15,Contribution 500,Server-wide monthly rotation,Not specified publicly,"Included as special craft headwear; skill bonus depends on version, and Lorenzo version may be stat-only.",Recipe confirmed; version-specific bonus caveat,https://gvdb.mydns.jp/db/module/TradeDB/action/ItemShow?id=4726 | https://gvdb.mydns.jp/db/module/TradeDB/action/RecipeShow?id=2445,No,Normal
Rose Staff,バラの杖,Weapon / staff,Attack stat 3; Durability 20; Formality 60; Fragrance Trading +1; Social +1; total fame 8000,Florence special production / Lorenzo de Medici monthly recipe rotation; accessed through NPC special production menu,Lorenzo de Medici,Priest Staff x1; Rose x40; Gold x10,Handicrafts / Crafts rank 13,Contribution 300,Server-wide monthly rotation; refreshes on the 1st of the month,Not specified publicly,,Confirmed bonus + confirmed special recipe,https://gvdb.mydns.jp/db/module/TradeDB/action/ItemShow?id=4726 | https://w.atwiki.jp/wiki11_dol/pages/27.html,No,Normal
Crusader Knight Armor,十字軍騎士の鎧,Body armor,Defense stat 35; Defense +1; Command +1,Florence special production / legacy Florentine artisan; also workshop artisan in other cities if recipe is available,Florence artisan / Workshop artisan (exact NPC name not publicly resolved),Leather x5; Leather Laces x10; Pure Iron Sheet x15,Casting/Forge: rank not shown in retrieved public line; no production skill needed when crafted in Florence,Casting contribution 400,"World Clock: 16th century, periods 2-3",Not specified publicly,Confirmed special/Florence production armor.,"Confirmed, rank incomplete",https://gvdb.mydns.jp/db/module/TradeDB/action/ItemShow?id=4725 | https://www.gamecity.ne.jp/dol/tierra_americana/chapter1_3.htm,No,High
Lorica Hamata,ロリカハマタ,Body armor,Charge +1,Florence special production / Medici special production,Exact NPC not publicly resolved in extracted report,Not specified in extracted report,Not specified in extracted report,Not specified in extracted report,Confirmed by melee/combat boost index; full recipe not resolved,Not specified publicly,"Confirmed by boost index, but full recipe data not found in extracted report.","Index-confirmed, recipe incomplete",https://gvo.gamedb.info/wiki/?BoostItem%2Fsol2=,No,High
Wing Hussar Armor,ウィングハサーの鎧,Body armor,Attack stat 3; Defense stat 30; Charge +1; Swordplay +1,Florence special production / legacy Florentine artisan; also workshop artisan in other cities if recipe is available,Florence artisan / Workshop artisan (exact NPC name not publicly resolved),Steel x20; Tanned Leather x20; Pure Iron Sheet x5,Casting/Forge: rank not shown in retrieved public line; no production skill needed when crafted in Florence,Not specified in retrieved line,Special/Florence production confirmed; exact time window not resolved in extracted report,Not specified publicly,Confirmed bonus armor; some recipe fields incomplete.,"Confirmed, some fields incomplete",https://gvdb.mydns.jp/db/module/TradeDB/action/ItemShow?id=4725,No,High
Ottoman Turkish Navy Admiral Uniform,オスマントルコ海軍将官服,Body equipment - Royal navy uniform,Attack 5; Defense 20; Formality 25; Durability 50; fame 200000; Command +3; Gunfire +2; Steering +1,Florence special production / Chamber of Commerce,Roberta / Chamber of Commerce (exact recipe line not recovered in GVDB),Materials not found in retrieved public source; likely Florence sewing recipe line needs in-game check,Sewing 15 listed by boost source; no skill needed when crafted in Florence,Contribution not retrieved,Royal Fleet achievement 48000 points; Rear Admiral or above (from boost source),Not specified publicly,Completed previously incomplete row.,Confirmed bonus; materials need verification,https://w.atwiki.jp/wiki11_dol/pages/53.html | https://w.atwiki.jp/wiki11_dol/pages/102.html | https://w.atwiki.jp/wiki11_dol/pages/13.html | https://www.gamecity.ne.jp/dol/tierra_americana/chapter1_3.htm,Updated_Audit_2026-05-13,High
Adventurer's Gloves,冒険家のグローブ,Gloves / hand equipment,Durability 55; Disguise 5; Defense stat 6; Search +1,Florence special production / legacy Florentine artisan; also workshop artisan in other cities if recipe is available,Florence artisan / Workshop artisan (exact NPC name not publicly resolved),Leather x20; Steel x1; Leather Laces x5,Sewing: rank not shown in retrieved public line; no production skill needed when crafted in Florence,Sewing contribution 150,World Clock: 16th century period 2; fame 3000; adventurer-class restriction,Not specified publicly,Class restriction is documented in the source report.,"Confirmed, rank incomplete",https://gvdb.mydns.jp/db/module/TradeDB/action/ItemShow?id=4727,No,High
Alvilda's Helm,アルヴィダの兜,Head armor / helmet,Defense stat 15; Rapid Fire +1; Command +1,Florence special production / legacy Florentine artisan; also workshop artisan in other cities if recipe is available,Florence artisan / Workshop artisan (exact NPC name not publicly resolved),Kite Feathers x6; Steel x10; Pure Iron Sheet x5,Casting/Forge: rank not shown in retrieved public line; no production skill needed when crafted in Florence,Casting contribution 200,"World Clock: 17th century, period 2",Not specified publicly,Confirmed special/Florence production helmet.,"Confirmed, rank incomplete",https://gvdb.mydns.jp/db/module/TradeDB/action/ItemShow?id=4725,No,High
Great Helm,グレートヘルム,Head armor / helmet,Defense stat 15; Defense +1; Sniping +1,Florence special production / legacy Florentine artisan; also workshop artisan in other cities if recipe is available,Florence artisan / Workshop artisan (exact NPC name not publicly resolved),Steel x5; Pure Iron Sheet x10,Casting/Forge: rank not shown in retrieved public line; no production skill needed when crafted in Florence,Casting contribution 320,"World Clock: 16th century, periods 3 and 5",Not specified publicly,"Confirmed special/Florence production item. Outside Florence, corresponding production skill is required.","Confirmed, rank incomplete",https://gvdb.mydns.jp/db/module/TradeDB/action/ItemShow?id=4725 | https://www.gamecity.ne.jp/dol/tierra_americana/chapter1_3.htm,No,High
Hussar Helm,ハサーの兜,Head armor / helmet,Defense stat 12; Defense +2,Florence special production / legacy Florentine artisan; also workshop artisan in other cities if recipe is available,Florence artisan / Workshop artisan (exact NPC name not publicly resolved),Steel x10; Gold x5; Pure Iron Sheet x3,Casting/Forge: rank not shown in retrieved public line; no production skill needed when crafted in Florence,Casting contribution 230,"World Clock: 17th century, period 2",Not specified publicly,One of the confirmed +2 Defense special craft items.,"Confirmed, rank incomplete",https://gvdb.mydns.jp/db/module/TradeDB/action/ItemShow?id=4725,No,High
Empire Hat,エンパイアハット,Headwear / hat,Archaeology +1,Florence special production / Medici special production,Exact NPC not publicly resolved in extracted report,Not specified in extracted report,Not specified in extracted report,Not specified in extracted report,Boost index mentions special production and cultural merit; exact details not resolved,Not specified publicly,"Confirmed by boost index, but full recipe data not found in extracted report.","Index-confirmed, recipe incomplete",https://gvo.gamedb.info/wiki/?BoostItem%2Fadv1%2Fhumanities=,No,High
Felt Hat,フェルトハット,Headwear / hat,Durability 45; Disguise 5; Defense stat 5; Biology +1; Marching +1,Florence special production / legacy Florentine artisan; also workshop artisan in other cities if recipe is available,Florence artisan / Workshop artisan (exact NPC name not publicly resolved),Kite Feather x1; Drapery x10; Embroidered Thread x10,Sewing: rank not shown in retrieved public line; no production skill needed when crafted in Florence,Sewing contribution 120,World Clock: 16th century period 2; fame 1500,Not specified publicly,Good exploration/movement hat from special production.,"Confirmed, rank incomplete",https://gvdb.mydns.jp/db/module/TradeDB/action/ItemShow?id=4727,No,High
Lilly Pipe,リリパイプ,Headwear / hat,Durability 40; Defense stat 6; Gathering +1,Florence special production / legacy Florentine artisan; also workshop artisan in other cities if recipe is available,Florence artisan / Workshop artisan (exact NPC name not publicly resolved),Jewellery x5; Leather Laces x15; Supreme Fur x10,Sewing: rank not shown in retrieved public line; no production skill needed when crafted in Florence,Sewing contribution 100,World Clock: 15th century periods 1 and 5; fame 500,Not specified publicly,Confirmed special/Florence production hat.,"Confirmed, rank incomplete",https://gvdb.mydns.jp/db/module/TradeDB/action/ItemShow?id=4727,No,High
Phrygian Cap,フリジア帽,Headwear / hat,Durability 35; Defense stat 5; Art Trading +1; Vigilance +1,Florence special production / legacy Florentine artisan; also workshop artisan in other cities if recipe is available,Florence artisan / Workshop artisan (exact NPC name not publicly resolved),Knitted Fabric x10; Cotton x10; Fine Fur x5,Sewing: rank not shown in retrieved public line; no production skill needed when crafted in Florence,Sewing contribution 100,World Clock: 15th century period 5 and 16th century period 2; fame 1000,Not specified publicly,Confirmed special/Florence production headwear.,"Confirmed, rank incomplete",https://gvdb.mydns.jp/db/module/TradeDB/action/ItemShow?id=4727 | https://www.gamecity.ne.jp/dol/tierra_americana/chapter1_3.htm,No,High
Repair Tool Set,修理道具一式,Ship tool / reinforcement material,Increases ship durability by +10 to +30 according to prior item source; exact application details may vary by ship size/type,Florence special production / Chamber of Commerce; can also appear via workshop artisan when special production is available,Anita / Chamber of Commerce,Spare Sail x10; Spare Rudder x10; Carpenter's Tools x10,Handicrafts rank 8,Handicrafts contribution 200,,Not specified publicly,"Included because it is a special-production tool, not a wearable +skill item.",Recipe confirmed; item effect needs verification,https://gvdb.mydns.jp/db/module/TradeDB/action/ItemShow?id=4091 | https://www.gamecity.ne.jp/dol/tierra_americana/chapter1_3.htm,Yes,High
Sail Repair Tool Set,縫帆道具一式,Ship tool / sail repair material,Effect/bonus needs verification,Florence special production / Chamber of Commerce; can also appear via workshop artisan when special production is available,Anita / Chamber of Commerce,Hemp Fabric x30; Carpenter's Tools x10; Sewing Set x20,Handicrafts rank 8,Handicrafts contribution 200,,Not specified publicly,,Recipe confirmed; bonus/effect needs verification,https://gvdb.mydns.jp/db/module/TradeDB/action/ItemShow?id=4091 | https://www.gamecity.ne.jp/dol/tierra_americana/chapter1_3.htm,Yes,High
Zakuro Stone Forehead Ornament,ザクロ石の額飾り,Head equipment,Dye Trading +1; Fiber Trading +1; Durability 50; Formality 10; Defense 5; female-only,Florence special production / Chamber of Commerce; can also appear via workshop artisan when special production is available,Anita / Chamber of Commerce,Gold x10; Goldwork x10; High-grade Garnet x50,Handicrafts rank 11,Handicrafts contribution 300,,Not specified publicly,Bonus confirmed on Dye Trading boost page; craft recipe confirmed on Anita page.,Confirmed bonus + confirmed special recipe,https://gvdb.mydns.jp/db/module/TradeDB/action/ItemShow?id=4091 | https://w.atwiki.jp/wiki11_dol/pages/39.html | https://www.gamecity.ne.jp/dol/tierra_americana/chapter1_3.htm,Yes,Normal
Laurel Wreath,月桂冠,Head equipment,Bonus/stats need verification,Florence special production / Chamber of Commerce; can also appear via workshop artisan when special production is available,Anita / Chamber of Commerce,Laurel x30; Vegetable Oil x30; Grass x30,Handicrafts rank 11,Handicrafts contribution 257,,Not specified publicly,,Recipe confirmed; bonus needs verification,https://gvdb.mydns.jp/db/module/TradeDB/action/ItemShow?id=4091 | https://www.gamecity.ne.jp/dol/tierra_americana/chapter1_3.htm,Yes,High
Silver Tableware,銀食器,Accessory / furnishing-like item,Bonus/effect needs verification,Florence special production / Chamber of Commerce; can also appear via workshop artisan when special production is available,Anita / Chamber of Commerce,Silver x5; Crucible x1,Handicrafts rank 11,Handicrafts contribution 200,,Not specified publicly,,Recipe confirmed; bonus/effect needs verification,https://gvdb.mydns.jp/db/module/TradeDB/action/ItemShow?id=4091 | https://www.gamecity.ne.jp/dol/tierra_americana/chapter1_3.htm,Yes,High
Corsage Shoes,コサージュシューズ,Foot equipment,Bonus/stats need verification,Florence special production / Chamber of Commerce; can also appear via workshop artisan when special production is available,Anita / Chamber of Commerce,Red Flowers x60; High-grade Dye x2; Tanned Leather x2,Handicrafts rank 11,Handicrafts contribution 630,Female-only recipe,Not specified publicly,,Recipe confirmed; bonus needs verification,https://gvdb.mydns.jp/db/module/TradeDB/action/ItemShow?id=4091 | https://www.gamecity.ne.jp/dol/tierra_americana/chapter1_3.htm,Yes,High
Afro Wig,アフロウィッグ,Head equipment,Bonus/stats need verification,Florence special production / Chamber of Commerce; can also appear via workshop artisan when special production is available,Anita / Chamber of Commerce,Dyestuff x5; Goat Hair x12; Rabbit Hair x5,Handicrafts rank 12,Handicrafts contribution 200,,Not specified publicly,,Recipe confirmed; bonus needs verification,https://gvdb.mydns.jp/db/module/TradeDB/action/ItemShow?id=4091 | https://www.gamecity.ne.jp/dol/tierra_americana/chapter1_3.htm,Yes,High
Navy Official Shoes (country variants),海軍公用靴,Foot equipment,"Stat-only/bonus not confirmed; recipe family covers Portugal, Spain, England, Ottoman, Netherlands, France, Venice variants",Florence special production / Chamber of Commerce; can also appear via workshop artisan when special production is available,Anita / Chamber of Commerce,Flax x20; High-grade Dye x5; Tanned Leather x7,Handicrafts rank 12,Handicrafts contribution 300,"Royal Fleet achievements 5,000 points",Not specified publicly,,Recipe confirmed; no +skill bonus found yet,https://gvdb.mydns.jp/db/module/TradeDB/action/ItemShow?id=4091 | https://www.gamecity.ne.jp/dol/tierra_americana/chapter1_3.htm,Yes,High
Fringe Boots,フリンジブーツ,Foot equipment,Bonus/stats need verification,Florence special production / Chamber of Commerce; can also appear via workshop artisan when special production is available,Anita / Chamber of Commerce,Leather Cord x20; High-grade Dye x5; Tanned Leather x7,Handicrafts rank 12,Handicrafts contribution 350,"Company colony population 2,000",Not specified publicly,,Recipe confirmed; bonus needs verification,https://gvdb.mydns.jp/db/module/TradeDB/action/ItemShow?id=4091 | https://www.gamecity.ne.jp/dol/tierra_americana/chapter1_3.htm,Yes,High
Moccasin,モカシン,Foot equipment,Bonus/stats need verification,Florence special production / Chamber of Commerce; can also appear via workshop artisan when special production is available,Anita / Chamber of Commerce,Embroidery Thread x60; High-grade Dye x10; Tanned Leather x5,Handicrafts rank 12,Handicrafts contribution 350,"Company colony population 2,000",Not specified publicly,,Recipe confirmed; bonus needs verification,https://gvdb.mydns.jp/db/module/TradeDB/action/ItemShow?id=4091 | https://www.gamecity.ne.jp/dol/tierra_americana/chapter1_3.htm,Yes,High
Feathered Headband,羽根付きヘッドバンド,Head equipment,Bonus/stats need verification,Florence special production / Chamber of Commerce; can also appear via workshop artisan when special production is available,Anita / Chamber of Commerce,Eagle Feathers x40; High-grade Dye x3; Tourmaline x5,Handicrafts rank 12,Handicrafts contribution 410,"Company colony population 2,200; male recipe",Not specified publicly,,Recipe confirmed; bonus needs verification,https://gvdb.mydns.jp/db/module/TradeDB/action/ItemShow?id=4091 | https://www.gamecity.ne.jp/dol/tierra_americana/chapter1_3.htm,Yes,High
War Bonnet,ウォーボンネット,Head equipment,Bonus/stats need verification,Florence special production / Chamber of Commerce; can also appear via workshop artisan when special production is available,Anita / Chamber of Commerce,Leather Cord x30; Eagle Feathers x20; Natal Indigo x20,Handicrafts rank 12,Handicrafts contribution 420,"Company colony population 2,800",Not specified publicly,,Recipe confirmed; bonus needs verification,https://gvdb.mydns.jp/db/module/TradeDB/action/ItemShow?id=4091 | https://www.gamecity.ne.jp/dol/tierra_americana/chapter1_3.htm,Yes,High
Navy Official Hat (country variants),海軍官帽,Head equipment,"Stat-only/bonus not confirmed; recipe family covers Spain, England, Ottoman, Netherlands, France, Portugal, Venice variants",Florence special production / Chamber of Commerce; can also appear via workshop artisan when special production is available,Anita / Chamber of Commerce,Platinum x5; High-grade Dye x3; High-grade Velvet x7,Handicrafts rank 12,Handicrafts contribution 410,"Royal Fleet achievements 7,500 points",Not specified publicly,,Recipe confirmed; no +skill bonus found yet,https://gvdb.mydns.jp/db/module/TradeDB/action/ItemShow?id=4091 | https://www.gamecity.ne.jp/dol/tierra_americana/chapter1_3.htm,Yes,High
Feathered Bonnet,羽根付きボンネット,Head equipment,Bonus/stats need verification,Florence special production / Chamber of Commerce; can also appear via workshop artisan when special production is available,Anita / Chamber of Commerce,Eagle Feathers x40; High-grade Dye x3; Tourmaline x5,Handicrafts rank 12,Handicrafts contribution 410,Female recipe,Not specified publicly,,Recipe confirmed; bonus needs verification,https://gvdb.mydns.jp/db/module/TradeDB/action/ItemShow?id=4091 | https://www.gamecity.ne.jp/dol/tierra_americana/chapter1_3.htm,Yes,High
Hairband,ヘアバンド,Head equipment,Bonus/stats need verification,Florence special production / Chamber of Commerce; can also appear via workshop artisan when special production is available,Anita / Chamber of Commerce,Cotton Fabric x20; Leather Cord x30; Natal Indigo x20,Handicrafts rank 12,Handicrafts contribution 380,"Company colony population 2,000",Not specified publicly,,Recipe confirmed; bonus needs verification,https://gvdb.mydns.jp/db/module/TradeDB/action/ItemShow?id=4091 | https://www.gamecity.ne.jp/dol/tierra_americana/chapter1_3.htm,Yes,High
Black Leather Shoes,黒革靴,Foot equipment,Bonus/stats need verification,Florence special production / Chamber of Commerce; can also appear via workshop artisan when special production is available,Anita / Chamber of Commerce,Flax x20; High-grade Dye x5; Tanned Leather x7,Handicrafts rank 12,Handicrafts contribution 600,,Not specified publicly,,Recipe confirmed; bonus needs verification,https://gvdb.mydns.jp/db/module/TradeDB/action/ItemShow?id=4091 | https://www.gamecity.ne.jp/dol/tierra_americana/chapter1_3.htm,Yes,High
Dread Hair,ドレッドヘア,Head equipment,Bonus/stats need verification,Florence special production / Chamber of Commerce; can also appear via workshop artisan when special production is available,Anita / Chamber of Commerce,Sewing Set x2; Leather Cord x10; Rabbit Hair x8,Handicrafts rank 13,Handicrafts contribution 200,,Not specified publicly,,Recipe confirmed; bonus needs verification,https://gvdb.mydns.jp/db/module/TradeDB/action/ItemShow?id=4091 | https://www.gamecity.ne.jp/dol/tierra_americana/chapter1_3.htm,Yes,High
Tiamat Statue,ティアマトの像,Ship figurehead / statue,Ship figurehead stats/effect need verification,Florence special production / Chamber of Commerce; can also appear via workshop artisan when special production is available,Anita / Chamber of Commerce,Lumber x25; Pearl x5; Copper x20,Handicrafts rank 13,Handicrafts contribution 200,,Not specified publicly,,Recipe confirmed; ship-part stats need verification,https://gvdb.mydns.jp/db/module/TradeDB/action/ItemShow?id=4091 | https://www.gamecity.ne.jp/dol/tierra_americana/chapter1_3.htm,Yes,High
Aži Dahāka Statue,アジ・ダハーカの像,Ship figurehead / statue,Ship figurehead stats/effect need verification,Florence special production / Chamber of Commerce; can also appear via workshop artisan when special production is available,Anita / Chamber of Commerce,Lumber x25; Aventurine x10; Copper x25,Handicrafts rank 13,Handicrafts contribution 200,,Not specified publicly,,Recipe confirmed; ship-part stats need verification,https://gvdb.mydns.jp/db/module/TradeDB/action/ItemShow?id=4091 | https://www.gamecity.ne.jp/dol/tierra_americana/chapter1_3.htm,Yes,High
Mercurius Boots,メルクリウスブーツ,Foot equipment,"Astronomy +1; crafted/colony version: Durability 40; Defense 5; Fame 5,000",Florence special production / Chamber of Commerce; can also appear via workshop artisan when special production is available,Anita / Chamber of Commerce,Leather Cord x40; Tanned Leather x2; Supreme Dye x1,Handicrafts rank 13,Handicrafts contribution 500,"Cumulative contribution total 6,523 according to PB note",Not specified publicly,,Confirmed bonus + confirmed special recipe,https://gvdb.mydns.jp/db/module/TradeDB/action/ItemShow?id=4091 | https://gvdb.mydns.jp/db/module/TradeDB/action/ItemShow?id=4114 | https://w.atwiki.jp/wiki11_dol/pages/345.html | https://www.gamecity.ne.jp/dol/tierra_americana/chapter1_3.htm,Yes,Normal
Academic Tam,アカデミックタム,Head equipment,Alchemy +1; Durability/defense/fame details need item-page verification,Florence special production / Chamber of Commerce; can also appear via workshop artisan when special production is available,Anita / Chamber of Commerce,Gold Thread x20; Supreme Dye x1; High-grade Velvet x20,Handicrafts rank 13,Handicrafts contribution 500,,Not specified publicly,,Confirmed bonus + confirmed special recipe,https://gvdb.mydns.jp/db/module/TradeDB/action/ItemShow?id=4091 | https://w.atwiki.jp/wiki11_dol/pages/110.html | https://www.gamecity.ne.jp/dol/tierra_americana/chapter1_3.htm,Yes,Normal
Wide-brim Felt Hat,広縁フェルト帽,Head equipment,Astronomy +1 in one boost source; version-specific bonus caveat,Florence special production / Chamber of Commerce; can also appear via workshop artisan when special production is available,Anita / Chamber of Commerce,Velvet x40; High-grade Dye x2; High-grade Velvet x10,Handicrafts rank 13,Handicrafts contribution 760,,Not specified publicly,,"Confirmed bonus + confirmed special recipe, version caveat",https://gvdb.mydns.jp/db/module/TradeDB/action/ItemShow?id=4091 | https://w.atwiki.jp/wiki11_dol/pages/345.html | https://www.gamecity.ne.jp/dol/tierra_americana/chapter1_3.htm,Yes,Normal
Greaves,グリーヴ,Foot armor,Bonus/stats need verification,Florence special production / Chamber of Commerce; can also appear via workshop artisan when special production is available,Anita / Chamber of Commerce,Leather x40; Iron x30; Brass x50,Handicrafts rank 13,Handicrafts contribution 302,,Not specified publicly,,Recipe confirmed; bonus needs verification,https://gvdb.mydns.jp/db/module/TradeDB/action/ItemShow?id=4091 | https://www.gamecity.ne.jp/dol/tierra_americana/chapter1_3.htm,Yes,High
Lacy Gloves,レーシィグローブ,Hand equipment,"Social +2; Spice Trading +1; Precious Metals Trading +1; Attack 3; Defense 20; Fame 5,000 in boost sources",Florence special production / Chamber of Commerce; can also appear via workshop artisan when special production is available,Anita / Chamber of Commerce,Lace x7; Silk Fabric x10; High-grade Dye x5,Handicrafts rank 14,Handicrafts contribution 510,,Not specified publicly,,Confirmed bonus + confirmed special recipe,https://gvdb.mydns.jp/db/module/TradeDB/action/ItemShow?id=4091 | https://w.atwiki.jp/wiki11_dol/pages/28.html | https://w.atwiki.jp/wiki11_dol/pages/37.html | https://www.gamecity.ne.jp/dol/tierra_americana/chapter1_3.htm,Yes,Normal
Platinum Mirror,プラチナミラー,Accessory,Bonus/stats need verification,Florence special production / Chamber of Commerce; can also appear via workshop artisan when special production is available,Anita / Chamber of Commerce,Gold x3; High-grade Platinum x20; Supreme Platinum x5,Handicrafts rank 17,Handicrafts contribution 1200,,Not specified publicly,,Recipe confirmed; bonus needs verification,https://gvdb.mydns.jp/db/module/TradeDB/action/ItemShow?id=4091 | https://www.gamecity.ne.jp/dol/tierra_americana/chapter1_3.htm,Yes,High
Portugal Navy Junior Officer Uniform,ポルトガル海軍尉官服,Body equipment - Royal navy uniform,Attack 5; Defense 20; Formality 15; Durability 50; fame 150000; Command +1,Florence special production / Chamber of Commerce,Roberta / Chamber of Commerce,Tweed x30; Gold Thread x20; Premium Dye x2,Sewing 1 in recipe source; no skill needed when crafted in Florence,Sewing contribution 600,Royal Fleet achievement 20000 points; Navy Ensign or above (from boost source),Not specified publicly,Renamed/standardized from previous ambiguous row.,Confirmed bonus + confirmed special recipe,https://w.atwiki.jp/wiki11_dol/pages/53.html | https://www.gamecity.ne.jp/dol/tierra_americana/chapter1_3.htm | https://gvdb.mydns.jp/db/module/TradeDB/action/ItemShow?id=4101,Audit_2026-05-13,High
Belly Dancer,ベリーダンサー,Body equipment,Bonus/stats need verification,Florence special production / Chamber of Commerce; can also appear via workshop artisan when special production is available,Roberta / Chamber of Commerce,Silk Fabric x5; Gold Thread x10; Belly Dancer x1,Sewing rank 12,Sewing contribution 370,,Not specified publicly,,Recipe confirmed; bonus needs verification,https://gvdb.mydns.jp/db/module/TradeDB/action/ItemShow?id=4101 | https://www.gamecity.ne.jp/dol/tierra_americana/chapter1_3.htm,Yes,High
Leather Mantle,レザーマント,Body equipment,Bonus/stats need verification,Florence special production / Chamber of Commerce; can also appear via workshop artisan when special production is available,Roberta / Chamber of Commerce,High-grade Dye x1; Tanned Leather x3; Ethnic Clothing x30,Sewing rank 12,Sewing contribution 600,,Not specified publicly,,Recipe confirmed; bonus needs verification,https://gvdb.mydns.jp/db/module/TradeDB/action/ItemShow?id=4101 | https://www.gamecity.ne.jp/dol/tierra_americana/chapter1_3.htm,Yes,High
Hunter's Tunic,ハンターズチュニック,Body equipment,Bonus/stats need verification,Florence special production / Chamber of Commerce; can also appear via workshop artisan when special production is available,Roberta / Chamber of Commerce,Leather Cord x30; Tanned Leather x2; Supreme Dye x1,Sewing rank 12,Sewing contribution 560,,Not specified publicly,,Recipe confirmed; bonus needs verification,https://gvdb.mydns.jp/db/module/TradeDB/action/ItemShow?id=4101 | https://www.gamecity.ne.jp/dol/tierra_americana/chapter1_3.htm,Yes,High
Chaplet,チャプレット,Head equipment,Bonus/stats need verification,Florence special production / Chamber of Commerce; can also appear via workshop artisan when special production is available,Roberta / Chamber of Commerce,Laurel x30; Gold x5; Grass x30,Sewing rank 12,Sewing contribution 450,Cumulative Roman coins condition; threshold not resolved from source lines,Not specified publicly,,Recipe confirmed; bonus needs verification,https://gvdb.mydns.jp/db/module/TradeDB/action/ItemShow?id=4101 | https://www.gamecity.ne.jp/dol/tierra_americana/chapter1_3.htm,Yes,High
Spain Public Sailor Uniform,イスパニア公用水夫服,Body equipment,Bonus/stats need verification,Florence special production / Chamber of Commerce; can also appear via workshop artisan when special production is available,Roberta / Chamber of Commerce,Cotton Fabric x60; Embroidery Thread x20; High-grade Dye x1,Sewing rank 12,Sewing contribution 200,"Royal Fleet achievements 2,000 points",Not specified publicly,,Recipe confirmed; bonus needs verification,https://gvdb.mydns.jp/db/module/TradeDB/action/ItemShow?id=4101 | https://www.gamecity.ne.jp/dol/tierra_americana/chapter1_3.htm,Yes,High
England Public Sailor Uniform,イングランド公用水夫服,Body equipment,Bonus/stats need verification,Florence special production / Chamber of Commerce; can also appear via workshop artisan when special production is available,Roberta / Chamber of Commerce,Cotton Fabric x60; Embroidery Thread x20; High-grade Dye x1,Sewing rank 12,Sewing contribution 200,"Royal Fleet achievements 2,000 points",Not specified publicly,,Recipe confirmed; bonus needs verification,https://gvdb.mydns.jp/db/module/TradeDB/action/ItemShow?id=4101 | https://www.gamecity.ne.jp/dol/tierra_americana/chapter1_3.htm,Yes,High
Ottoman Public Sailor Uniform,オスマントルコ公用水夫服,Body equipment,Bonus/stats need verification,Florence special production / Chamber of Commerce; can also appear via workshop artisan when special production is available,Roberta / Chamber of Commerce,Cotton Fabric x60; Embroidery Thread x20; High-grade Dye x1,Sewing rank 12,Sewing contribution 200,"Royal Fleet achievements 2,000 points",Not specified publicly,,Recipe confirmed; bonus needs verification,https://gvdb.mydns.jp/db/module/TradeDB/action/ItemShow?id=4101 | https://www.gamecity.ne.jp/dol/tierra_americana/chapter1_3.htm,Yes,High
Netherlands Public Sailor Uniform,ネーデルラント公用水夫服,Body equipment,Bonus/stats need verification,Florence special production / Chamber of Commerce; can also appear via workshop artisan when special production is available,Roberta / Chamber of Commerce,Cotton Fabric x60; Embroidery Thread x20; High-grade Dye x1,Sewing rank 12,Sewing contribution 200,"Royal Fleet achievements 2,000 points",Not specified publicly,,Recipe confirmed; bonus needs verification,https://gvdb.mydns.jp/db/module/TradeDB/action/ItemShow?id=4101 | https://www.gamecity.ne.jp/dol/tierra_americana/chapter1_3.htm,Yes,High
France Public Sailor Uniform,フランス公用水夫服,Body equipment,Bonus/stats need verification,Florence special production / Chamber of Commerce; can also appear via workshop artisan when special production is available,Roberta / Chamber of Commerce,Cotton Fabric x60; Embroidery Thread x20; High-grade Dye x1,Sewing rank 12,Sewing contribution 200,"Royal Fleet achievements 2,000 points",Not specified publicly,,Recipe confirmed; bonus needs verification,https://gvdb.mydns.jp/db/module/TradeDB/action/ItemShow?id=4101 | https://www.gamecity.ne.jp/dol/tierra_americana/chapter1_3.htm,Yes,High
Portugal Public Sailor Uniform,ポルトガル公用水夫服,Body equipment,Bonus/stats need verification,Florence special production / Chamber of Commerce; can also appear via workshop artisan when special production is available,Roberta / Chamber of Commerce,Cotton Fabric x60; Embroidery Thread x20; High-grade Dye x1,Sewing rank 12,Sewing contribution 200,"Royal Fleet achievements 2,000 points",Not specified publicly,,Recipe confirmed; bonus needs verification,https://gvdb.mydns.jp/db/module/TradeDB/action/ItemShow?id=4101 | https://www.gamecity.ne.jp/dol/tierra_americana/chapter1_3.htm,Yes,High
Venice Public Sailor Uniform,ヴェネツィア公用水夫服,Body equipment,Bonus/stats need verification,Florence special production / Chamber of Commerce; can also appear via workshop artisan when special production is available,Roberta / Chamber of Commerce,Cotton Fabric x60; Embroidery Thread x20; High-grade Dye x1,Sewing rank 12,Sewing contribution 200,"Royal Fleet achievements 2,000 points",Not specified publicly,,Recipe confirmed; bonus needs verification,https://gvdb.mydns.jp/db/module/TradeDB/action/ItemShow?id=4101 | https://www.gamecity.ne.jp/dol/tierra_americana/chapter1_3.htm,Yes,High
Sash Tunic,サッシュチュニック,Body equipment,Bonus/stats need verification,Florence special production / Chamber of Commerce; can also appear via workshop artisan when special production is available,Roberta / Chamber of Commerce,Embroidery Thread x50; Ethnic Clothing x40; Natal Indigo x10,Sewing rank 13,Sewing contribution 510,"Company colony population 3,200",Not specified publicly,,Recipe confirmed; bonus needs verification,https://gvdb.mydns.jp/db/module/TradeDB/action/ItemShow?id=4101 | https://www.gamecity.ne.jp/dol/tierra_americana/chapter1_3.htm,Yes,High
Leather Tunic,レザーチュニック,Body equipment,Bonus/stats need verification,Florence special production / Chamber of Commerce; can also appear via workshop artisan when special production is available,Roberta / Chamber of Commerce,Tanned Leather x8; Ethnic Clothing x15; Natal Indigo x10,Sewing rank 13,Sewing contribution 500,,Not specified publicly,,Recipe confirmed; bonus needs verification,https://gvdb.mydns.jp/db/module/TradeDB/action/ItemShow?id=4101 | https://www.gamecity.ne.jp/dol/tierra_americana/chapter1_3.htm,Yes,High
Fur Tunic,ファーチュニック,Body equipment,Bonus/stats need verification,Florence special production / Chamber of Commerce; can also appear via workshop artisan when special production is available,Roberta / Chamber of Commerce,Eagle Feathers x20; High-grade Dye x3; Ethnic Clothing x40,Sewing rank 13,Sewing contribution 510,"Company colony population 3,200",Not specified publicly,,Recipe confirmed; bonus needs verification,https://gvdb.mydns.jp/db/module/TradeDB/action/ItemShow?id=4101 | https://www.gamecity.ne.jp/dol/tierra_americana/chapter1_3.htm,Yes,High
Batadecola,バタデコーラ,Body equipment,Bonus/stats need verification,Florence special production / Chamber of Commerce; can also appear via workshop artisan when special production is available,Roberta / Chamber of Commerce,Silk Fabric x20; Embroidery Thread x20; Mayan Blue x20,Sewing rank 13,Sewing contribution 400,,Not specified publicly,,Recipe confirmed; bonus needs verification,https://gvdb.mydns.jp/db/module/TradeDB/action/ItemShow?id=4101 | https://www.gamecity.ne.jp/dol/tierra_americana/chapter1_3.htm,Yes,High
Colt,コルト,Body equipment,Bonus/stats need verification,Florence special production / Chamber of Commerce; can also appear via workshop artisan when special production is available,Roberta / Chamber of Commerce,Silk Fabric x20; Gold Thread x20; Mayan Blue x20,Sewing rank 13,Sewing contribution 400,,Not specified publicly,,Recipe confirmed; bonus needs verification,https://gvdb.mydns.jp/db/module/TradeDB/action/ItemShow?id=4101 | https://www.gamecity.ne.jp/dol/tierra_americana/chapter1_3.htm,Yes,High
Mail & Surcoat,メイル＆サーコート,Body armor,Bonus/stats need verification,Florence special production / Chamber of Commerce; can also appear via workshop artisan when special production is available,Roberta / Chamber of Commerce,Cotton Fabric x30; Steel x20; High-grade Dye x5,Sewing rank 13,Sewing contribution 543,"Cumulative contribution total 10,046 according to PB note",Not specified publicly,,Recipe confirmed; bonus needs verification,https://gvdb.mydns.jp/db/module/TradeDB/action/ItemShow?id=4101 | https://www.gamecity.ne.jp/dol/tierra_americana/chapter1_3.htm,Yes,High
Poncho Dress,ポンチョドレス,Body equipment,Bonus/stats need verification,Florence special production / Chamber of Commerce; can also appear via workshop artisan when special production is available,Roberta / Chamber of Commerce,Leather Cord x40; Ethnic Clothing x10; Natal Indigo x10,Sewing rank 13,Sewing contribution 500,,Not specified publicly,,Recipe confirmed; bonus needs verification,https://gvdb.mydns.jp/db/module/TradeDB/action/ItemShow?id=4101 | https://www.gamecity.ne.jp/dol/tierra_americana/chapter1_3.htm,Yes,High
Silk Gloves,シルクの手袋,Hand equipment,Bonus/stats need verification,Florence special production / Chamber of Commerce; can also appear via workshop artisan when special production is available,Roberta / Chamber of Commerce,Silk Fabric x10; Gold Thread x15; Supreme Dye x3,Sewing rank 14,Sewing contribution 510,"Cumulative contribution total 6,790 according to PB note",Not specified publicly,,Recipe confirmed; bonus needs verification,https://gvdb.mydns.jp/db/module/TradeDB/action/ItemShow?id=4101 | https://www.gamecity.ne.jp/dol/tierra_americana/chapter1_3.htm,Yes,High
American Beads (female),アメリカンビーズ（女性用）,Body equipment,Bonus/stats need verification,Florence special production / Chamber of Commerce; can also appear via workshop artisan when special production is available,Roberta / Chamber of Commerce,Leather Cord x50; High-grade Ruby x2; Ethnic Clothing x40,Sewing rank 14,Sewing contribution 550,"Company colony population 3,500",Not specified publicly,,Recipe confirmed; bonus needs verification,https://gvdb.mydns.jp/db/module/TradeDB/action/ItemShow?id=4101 | https://www.gamecity.ne.jp/dol/tierra_americana/chapter1_3.htm,Yes,High
American Beads (male),アメリカンビーズ（男性用）,Body equipment,Bonus/stats need verification,Florence special production / Chamber of Commerce; can also appear via workshop artisan when special production is available,Roberta / Chamber of Commerce,Leather Cord x50; High-grade Ruby x2; Ethnic Clothing x20,Sewing rank 14,Sewing contribution 550,"Company colony population 3,500",Not specified publicly,,Recipe confirmed; bonus needs verification,https://gvdb.mydns.jp/db/module/TradeDB/action/ItemShow?id=4101 | https://www.gamecity.ne.jp/dol/tierra_americana/chapter1_3.htm,Yes,High
Warrior Feather,ウォーリアフェザー,Body equipment,Bonus/stats need verification,Florence special production / Chamber of Commerce; can also appear via workshop artisan when special production is available,Roberta / Chamber of Commerce,Leather Cord x50; Eagle Feathers x40; Ethnic Clothing x20,Sewing rank 14,Sewing contribution 580,"Company North American colony population 3,000",Not specified publicly,,Recipe confirmed; bonus needs verification,https://gvdb.mydns.jp/db/module/TradeDB/action/ItemShow?id=4101 | https://www.gamecity.ne.jp/dol/tierra_americana/chapter1_3.htm,Yes,High
Poncho-style Huipil,ポンチョ風ウィピル,Body equipment,Bonus/stats need verification,Florence special production / Chamber of Commerce; can also appear via workshop artisan when special production is available,Roberta / Chamber of Commerce,Cotton Fabric x30; Embroidery Thread x30; Cochineal x20,Sewing rank 15,Sewing contribution 460,,Not specified publicly,,Recipe confirmed; bonus needs verification,https://gvdb.mydns.jp/db/module/TradeDB/action/ItemShow?id=4101 | https://www.gamecity.ne.jp/dol/tierra_americana/chapter1_3.htm,Yes,High
Open Crown,オープンクラウン,Head equipment,Bonus/stats need verification,Florence special production / Chamber of Commerce; can also appear via workshop artisan when special production is available,Roberta / Chamber of Commerce,Leather x10; Silk Fabric x15; High-grade Peacock Featherwork x2,Sewing rank 15,Sewing contribution 460,,Not specified publicly,,Recipe confirmed; bonus needs verification,https://gvdb.mydns.jp/db/module/TradeDB/action/ItemShow?id=4101 | https://www.gamecity.ne.jp/dol/tierra_americana/chapter1_3.htm,Yes,High
Trenders Dress,トレンダーズドレス,Body equipment,Bonus/stats need verification,Florence special production / Chamber of Commerce; can also appear via workshop artisan when special production is available,Roberta / Chamber of Commerce,Lace x30; Embroidery Thread x20; Supreme Dye x5,Sewing rank 15,Sewing contribution 900,Trend Maker title,Not specified publicly,,Recipe confirmed; bonus needs verification,https://gvdb.mydns.jp/db/module/TradeDB/action/ItemShow?id=4101 | https://www.gamecity.ne.jp/dol/tierra_americana/chapter1_3.htm,Yes,High
Peacock Dress,孔雀のドレス,Body equipment,Bonus/stats need verification,Florence special production / Chamber of Commerce; can also appear via workshop artisan when special production is available,Roberta / Chamber of Commerce,Indian Indigo x20; Silk Fabric x30; Supreme Peacock Featherwork x5,Sewing rank 16,Sewing contribution 490,,Not specified publicly,,Recipe confirmed; bonus needs verification,https://gvdb.mydns.jp/db/module/TradeDB/action/ItemShow?id=4101 | https://www.gamecity.ne.jp/dol/tierra_americana/chapter1_3.htm,Yes,High
Pourpoint with Ruffles,ひだ付きプールポワン,Body equipment,Dye Trading +1; Accounts +2 according to Dye Trading boost page,Florence Chamber of Commerce / Florentine Recipe - Garment Maker,Garment Maker in Florence - Chamber of Commerce,Gold Thread x10; Pourpoint x1; Fine Velvet x5,Sewing rank 0 in Florentine recipe page,Sewing contribution 200,"World Clock: 15th century, phases 1 and 3",Not specified publicly,,Confirmed bonus + confirmed special recipe,https://unchartedwaters.fandom.com/wiki/Florentine_Recipe_-_Garment_Maker | https://w.atwiki.jp/wiki11_dol/pages/39.html | https://www.gamecity.ne.jp/dol/tierra_americana/chapter1_3.htm,Yes,Normal
Houpelande,ウプランド / Houpelande,Body equipment,Bonus/stats need verification,Florence Chamber of Commerce / Florentine Recipe - Garment Maker,Garment Maker in Florence - Chamber of Commerce,Cotton Fabric x40; Exquisite Velvet x10; Fine Fur x10,Sewing rank 0 in Florentine recipe page,Sewing contribution 300,World Clock: 15th century phases 4-5; 16th century phase 1,Not specified publicly,,Recipe confirmed; bonus needs verification,https://unchartedwaters.fandom.com/wiki/Florentine_Recipe_-_Garment_Maker | https://www.gamecity.ne.jp/dol/tierra_americana/chapter1_3.htm,Yes,High
Vermeer's Turban,フェルメールのターバン,Head equipment,Dye Trading +1 in Dye Trading boost page; version caveat,Florence Chamber of Commerce / Florentine Recipe - Garment Maker,Garment Maker in Florence - Chamber of Commerce,Silk Cloth x5; Cotton Fabric x10; Lace x10,Sewing rank 0 in Florentine recipe page,Sewing contribution 380,World Clock: 17th century phase 2,Not specified publicly,,"Confirmed bonus + confirmed special recipe, version caveat",https://unchartedwaters.fandom.com/wiki/Florentine_Recipe_-_Garment_Maker | https://w.atwiki.jp/wiki11_dol/pages/39.html | https://www.gamecity.ne.jp/dol/tierra_americana/chapter1_3.htm,Yes,Normal
Hunter's Outfit,狩人の服 / Hunter's Outfit,Body equipment,Bonus/stats need verification,Florence Chamber of Commerce / Florentine Recipe - Garment Maker,Garment Maker in Florence - Chamber of Commerce,Satin x30; Cotton Fabric x20; Suede x20,Sewing rank 0 in Florentine recipe page,Sewing contribution 400,World Clock: 15th century phases 3-4,Not specified publicly,,Recipe confirmed; bonus needs verification,https://unchartedwaters.fandom.com/wiki/Florentine_Recipe_-_Garment_Maker | https://www.gamecity.ne.jp/dol/tierra_americana/chapter1_3.htm,Yes,High
Cannon 12,キャノン砲12門,Ship cannon,Cannon ship stats need verification; great success can produce Masterwork Cannon 12,Florence special production / Chamber of Commerce; can also appear via workshop artisan when special production is available,Zita / Chamber of Commerce,Bronze x56; Cannon Shot x36; Steel x56,Casting rank 11,Casting contribution 174,,Not specified publicly,,Recipe confirmed; cannon stats need verification,https://gvdb.mydns.jp/db/module/TradeDB/action/ItemShow?id=4104 | https://www.gamecity.ne.jp/dol/tierra_americana/chapter1_3.htm,Yes,High
Masterwork Cannon 12,名匠キャノン砲12門,Ship cannon,Masterwork version produced by great success from Cannon 12; exact stats need verification,Florence special production / Chamber of Commerce; can also appear via workshop artisan when special production is available,Zita / Chamber of Commerce,Great success from Cannon 12 recipe,Casting rank 11,Casting contribution 174,,Not specified publicly,,Recipe confirmed; cannon stats need verification,https://gvdb.mydns.jp/db/module/TradeDB/action/ItemShow?id=4104 | https://www.gamecity.ne.jp/dol/tierra_americana/chapter1_3.htm,Yes,High
Seraphim 12,セラフィム砲12門,Ship cannon,Cannon ship stats need verification,Florence special production / Chamber of Commerce; can also appear via workshop artisan when special production is available,Zita / Chamber of Commerce,Bronze x62; Cannon Shot x34; Steel x60,Casting rank 11,Casting contribution 200,,Not specified publicly,,Recipe confirmed; cannon stats need verification,https://gvdb.mydns.jp/db/module/TradeDB/action/ItemShow?id=4104 | https://www.gamecity.ne.jp/dol/tierra_americana/chapter1_3.htm,Yes,High
Infernal 10,アンフェール砲10門,Ship cannon,Cannon ship stats need verification,Florence special production / Chamber of Commerce; can also appear via workshop artisan when special production is available,Zita / Chamber of Commerce,Bronze x45; Cannon Shot x20; Steel x45,Casting rank 12,Casting contribution 190,,Not specified publicly,,Recipe confirmed; cannon stats need verification,https://gvdb.mydns.jp/db/module/TradeDB/action/ItemShow?id=4104 | https://www.gamecity.ne.jp/dol/tierra_americana/chapter1_3.htm,Yes,High
Caronade 12,カロネード砲12門,Ship cannon,Cannon ship stats need verification,Florence special production / Chamber of Commerce; can also appear via workshop artisan when special production is available,Zita / Chamber of Commerce,Bronze x60; Cannon Shot x40; Steel x70,Casting rank 12,Casting contribution 190,,Not specified publicly,,Recipe confirmed; cannon stats need verification,https://gvdb.mydns.jp/db/module/TradeDB/action/ItemShow?id=4104 | https://www.gamecity.ne.jp/dol/tierra_americana/chapter1_3.htm,Yes,High
Hyperion 12,ハイペリエ砲12門,Ship cannon,Cannon ship stats need verification,Florence special production / Chamber of Commerce; can also appear via workshop artisan when special production is available,Zita / Chamber of Commerce,Bronze x54; Cannon Shot x26; Steel x54,Casting rank 12,Casting contribution 200,,Not specified publicly,,Recipe confirmed; cannon stats need verification,https://gvdb.mydns.jp/db/module/TradeDB/action/ItemShow?id=4104 | https://www.gamecity.ne.jp/dol/tierra_americana/chapter1_3.htm,Yes,High
Famous Carpenter's Tools,名工の大工道具,Tool / ship repair consumable,Repairs ship durability in use; exact effect needs verification,Florence special production / Chamber of Commerce; can also appear via workshop artisan when special production is available,Zita / Chamber of Commerce,Iron x1; Lumber x1; White Ore x1,Casting rank 12,Casting contribution 60,,Not specified publicly,,Recipe confirmed; item effect needs verification,https://gvdb.mydns.jp/db/module/TradeDB/action/ItemShow?id=4104 | https://www.gamecity.ne.jp/dol/tierra_americana/chapter1_3.htm,Yes,High
Meteora 12,メテオーラ砲12門,Ship cannon,Cannon ship stats need verification,Florence special production / Chamber of Commerce; can also appear via workshop artisan when special production is available,Zita / Chamber of Commerce,Bronze x50; Cannon Shot x36; Steel x54,Casting rank 13,Casting contribution 200,,Not specified publicly,,Recipe confirmed; cannon stats need verification,https://gvdb.mydns.jp/db/module/TradeDB/action/ItemShow?id=4104 | https://www.gamecity.ne.jp/dol/tierra_americana/chapter1_3.htm,Yes,High
Mortar 12,モーター砲12門,Ship cannon,Cannon ship stats need verification,Florence special production / Chamber of Commerce; can also appear via workshop artisan when special production is available,Zita / Chamber of Commerce,Bronze x60; Cannon Shot x60; Iron x40,Casting rank 13,Casting contribution 200,,Not specified publicly,,Recipe confirmed; cannon stats need verification,https://gvdb.mydns.jp/db/module/TradeDB/action/ItemShow?id=4104 | https://www.gamecity.ne.jp/dol/tierra_americana/chapter1_3.htm,Yes,High
Badelaire,バデレール,Weapon,Bonus/stats need verification,Florence special production / Chamber of Commerce; can also appear via workshop artisan when special production is available,Zita / Chamber of Commerce,Coal x20; Steel x40; Saber x1,Casting rank 13,Contribution not shown in retrieved line,,Not specified publicly,,Recipe confirmed; bonus needs verification,https://gvdb.mydns.jp/db/module/TradeDB/action/ItemShow?id=4104 | https://www.gamecity.ne.jp/dol/tierra_americana/chapter1_3.htm,Yes,High
Schumine 12,シュミネ砲12門,Ship cannon,Cannon ship stats need verification,Florence special production / Chamber of Commerce; can also appear via workshop artisan when special production is available,Zita / Chamber of Commerce,Bronze x62; Cannon Shot x36; Steel x62,Casting rank 14,Casting contribution 200,,Not specified publicly,,Recipe confirmed; cannon stats need verification,https://gvdb.mydns.jp/db/module/TradeDB/action/ItemShow?id=4104 | https://www.gamecity.ne.jp/dol/tierra_americana/chapter1_3.htm,Yes,High
Vulkan 12,ヴォルカン砲12門,Ship cannon,Cannon ship stats need verification,Florence special production / Chamber of Commerce; can also appear via workshop artisan when special production is available,Zita / Chamber of Commerce,Bronze x62; Cannon Shot x36; Steel x62,Casting rank 14,Casting contribution 200,,Not specified publicly,,Recipe confirmed; cannon stats need verification,https://gvdb.mydns.jp/db/module/TradeDB/action/ItemShow?id=4104 | https://www.gamecity.ne.jp/dol/tierra_americana/chapter1_3.htm,Yes,High
National Military Armoring,各国軍公用装材,Ship armoring / ship material,Ship armoring stats/effect need verification,Florence special production / Chamber of Commerce; can also appear via workshop artisan when special production is available,Zita / Chamber of Commerce,Iron-plated Armoring x1; Special Shipbuilding Permit x3; Special Ship Paint x2,Casting rank 18; Shipbuilding rank 18,Casting contribution 930,Recipe name changes by nation,Not specified publicly,,Recipe confirmed; ship-part stats need verification,https://gvdb.mydns.jp/db/module/TradeDB/action/ItemShow?id=4104 | https://www.gamecity.ne.jp/dol/tierra_americana/chapter1_3.htm,Yes,High
Special Ship Hold,特殊船倉,Ship material / special equipment,Ship Durability 10-30; Armour 0-2; Hold -6 to -2 according to Fandom item page,Storage NPC Production / Florence storage special-production candidate,Nadia / Storage NPC production,Lumber x30; Processed Lumber x1; Processed Iron x1,Storage rank 14,Storage contribution 630,,Not specified publicly,,Confirmed item stats; recipe source partially cross-checked,https://unchartedwaters.fandom.com/wiki/Special_Ship_Hold | https://www.gamecity.ne.jp/dol/tierra_americana/chapter1_3.htm,Yes,High
Hardened Iron Plate,硬化鉄板,Ship armor / additional armor,Ship armor stats need verification,Other NPC Special Production (no owned recipe book; craft from NPC listed),Cayenne Skilled Caster; Grand Cayman Skilled Caster,Steel x8; Iron Plating x1,Casting rank 13,No Florence contribution; NPC special production,,Not specified publicly,,Recipe confirmed; ship-part stats need verification,https://unchartedwaters.fandom.com/wiki/Special_Production,Yes,High
Modified Standard Gun Port,改良標準砲門,Ship part / gun port,Ship-part stats need verification,Other city NPC Special Production / Basic Casting,Antwerp/Bordeaux/Hamburg/Amsterdam Weaponsmith; Special Production page also lists Alexandria Weaponsmith,Lumber x30; Metal Work x1,Casting rank 9,No Florence contribution; NPC special production,,Not specified publicly,Added/updated from Basic Casting and Special Production pages; this is outside Florence/Chamber list.,Recipe confirmed; ship-part stats need verification,https://unchartedwaters.fandom.com/wiki/Special_Production | https://unchartedwaters.fandom.com/wiki/NPC_Productions/Basic/Casting,Audit_2026-05-13_v3_other_cities,Medium
Modified Heavy Gun Port,改良大型砲門,Ship part / gun port,Ship-part stats need verification,Other city NPC Special Production / Basic Casting,Trujillo/Cayenne/Grand Cayman Weaponsmith,Iron x40; Processed Lumber x1; Metal Work x1,Casting rank 13,No Florence contribution; NPC special production,,Not specified publicly,Added/updated from Basic Casting and Special Production pages; this is outside Florence/Chamber list.,Recipe confirmed; ship-part stats need verification,https://unchartedwaters.fandom.com/wiki/Special_Production | https://unchartedwaters.fandom.com/wiki/NPC_Productions/Basic/Casting,Audit_2026-05-13_v3_other_cities,Medium
Special Sea Mines,特殊機雷,Ship special weapon,Ship-part stats need verification,Other city NPC Special Production / Basic Casting,Portobelo Shipwright,Black-mud x10; Gunpowder x10; Lead x10,Casting rank 13,No Florence contribution; NPC special production,,Not specified publicly,Added/updated from Basic Casting and Special Production pages; this is outside Florence/Chamber list.,Recipe confirmed; ship-part stats need verification,https://unchartedwaters.fandom.com/wiki/Special_Production | https://unchartedwaters.fandom.com/wiki/NPC_Productions/Basic/Casting,Audit_2026-05-13_v3_other_cities,Medium
Superior Cannon 14,名匠/高級キャノン14?,Ship cannon,Same as regular Cannon(14) but fewer materials according to Special Production page; stats need verification,Other NPC Special Production (no owned recipe book; craft from NPC listed),Cayenne Skilled Caster; Grand Cayman Skilled Caster,Cannon x29; Cannon Shot x32; Steel x29,Casting rank 13,No Florence contribution; NPC special production,,Not specified publicly,,Recipe confirmed; cannon stats need verification,https://unchartedwaters.fandom.com/wiki/Special_Production,Yes,High
Superior Carronade 14,高級カロネード14?,Ship cannon,Same as regular Carronade(14) but fewer materials according to Special Production page; stats need verification,Other NPC Special Production (no owned recipe book; craft from NPC listed),Cayenne Skilled Caster; Grand Cayman Skilled Caster,Cannon x34; Cannon Shot x36; Steel x34,Casting rank 14,No Florence contribution; NPC special production,,Not specified publicly,,Recipe confirmed; cannon stats need verification,https://unchartedwaters.fandom.com/wiki/Special_Production,Yes,High
Flat Deck Medium Hull,平甲板型中型船体,Ship hull part,Shipbuilding hull material; stats/effect need verification,Other NPC Special Production (no owned recipe book; craft from NPC listed),Ragusa Shipyard Master,Processed Lumber x1; Metal Work x1,Handicrafts rank 4; Shipbuilding rank 9,No Florence contribution; NPC special production,,Not specified publicly,,Recipe confirmed; shipbuilding material stats need verification,https://unchartedwaters.fandom.com/wiki/Special_Production,Yes,High
Two Deck Medium Hull,2層甲板型中型船体,Ship hull part,Shipbuilding hull material; stats/effect need verification,Other NPC Special Production (no owned recipe book; craft from NPC listed),Ragusa Shipyard Master,Processed Lumber x1; Metal Work x1,Handicrafts rank 4; Shipbuilding rank 10,No Florence contribution; NPC special production,,Not specified publicly,,Recipe confirmed; shipbuilding material stats need verification,https://unchartedwaters.fandom.com/wiki/Special_Production,Yes,High
Medium Mast,中マスト,Shipbuilding material,Ship-part stats need verification,Other city NPC Special Production / Basic Handicrafts,Ragusa Carpenter,Iron x20; Processed Lumber x1; Improved Rope x1,Handicrafts rank 8,No Florence contribution; NPC special production,,Not specified publicly,Added to cover non-Florence NPC production/tool/ship parts. Some are not +skill equipment but are special craft outputs.,Recipe confirmed; bonus/stats need verification,https://unchartedwaters.fandom.com/wiki/Special_Production | https://unchartedwaters.fandom.com/wiki/NPC_Productions/Basic/Handicrafts,Audit_2026-05-13_v3_other_cities,Medium
Camisa Ravalero,カミサ・ラバレロ,Body equipment,Collection +1 (confirmed by dbgames Collection skill page); other stats need verification,Other city NPC production / Basic Sewing / Special Production,Portobelo Shopkeeper,Mulberry x20; Hemp Fabric x30; Sewing Set x30,Sewing rank 12,No Florence contribution; NPC special production,,Not specified publicly,Bonus upgraded from verification-needed to confirmed based on the Collection skill equipment list.,Confirmed bonus + confirmed NPC special recipe,https://unchartedwaters.fandom.com/wiki/Special_Production | https://unchartedwaters.fandom.com/wiki/NPC_Productions/Basic/Sewing | https://dbgames.info/uwo/skills/Collection,Audit_2026-05-13_v3_other_cities,High
Casco Panache,カスコ・パナシェ,Head equipment,Bonus/stats need verification,Other NPC Special Production (no owned recipe book; craft from NPC listed),Portobelo Shopkeeper,Feathers x30; Mayan Blue x20; Mulberry x20,Sewing rank 12,No Florence contribution; NPC special production,,Not specified publicly,,Recipe confirmed; bonus needs verification,https://unchartedwaters.fandom.com/wiki/Special_Production,Yes,High
Superior Bonnet & Sail,改良ボンネット＆ステイスル,Ship sail,Same as regular item but requires fewer materials; exact ship stats need verification,Other city NPC Special Production / Basic Sewing,Grand Cayman Skilled Tailor; Trujillo/similar skilled tailor recipe,Hemp Fabric x41; Iron x25; Lumber x25,Sewing rank 7,No Florence contribution; NPC special production,,Not specified publicly,Added from Basic Sewing and/or Special Production pages; outside Florence/Chamber list.,Recipe confirmed; ship-part stats need verification,https://unchartedwaters.fandom.com/wiki/Special_Production | https://unchartedwaters.fandom.com/wiki/NPC_Productions/Basic/Sewing,Audit_2026-05-13_v3_other_cities,Medium
Superior Staysail & Sail,改良ステイスル＆スル,Ship sail,Same as regular item but requires fewer materials; exact ship stats need verification,Other city NPC Special Production / Basic Sewing,Grand Cayman Skilled Tailor; Trujillo/similar skilled tailor recipe,Hemp Fabric x21; Iron x1; Lumber x1,Sewing rank 10,No Florence contribution; NPC special production,,Not specified publicly,Added from Basic Sewing and/or Special Production pages; outside Florence/Chamber list.,Recipe confirmed; ship-part stats need verification,https://unchartedwaters.fandom.com/wiki/Special_Production | https://unchartedwaters.fandom.com/wiki/NPC_Productions/Basic/Sewing,Audit_2026-05-13_v3_other_cities,Medium
Superior Full Rigged Sail,改良フルリグドセイル,Ship sail,Same as regular item but requires fewer materials; exact ship stats need verification,Other city NPC Special Production / Basic Sewing,Grand Cayman Skilled Tailor; Trujillo/similar skilled tailor recipe,Hemp Fabric x49; Iron x32; Lumber x32,Sewing rank 15,No Florence contribution; NPC special production,,Not specified publicly,Added from Basic Sewing and/or Special Production pages; outside Florence/Chamber list.,Recipe confirmed; ship-part stats need verification,https://unchartedwaters.fandom.com/wiki/Special_Production | https://unchartedwaters.fandom.com/wiki/NPC_Productions/Basic/Sewing,Audit_2026-05-13_v3_other_cities,Medium
Knight's Stiletto,騎士のスティレット,Weapon - dagger,Attack 50; Durability 65; fame 5000; Casting +1; Swordplay +1,Florence special production / Chamber of Commerce / legacy Florentine casting recipe,Casting artisan / Chamber of Commerce (legacy Florence recipe); Zita not explicitly listed for this old recipe,Coal x4; Steel x6; Stiletto x1,"Casting: listed as 0 / no skill needed in Florence; outside Florence, matching production skill is needed",Casting contribution 500,World Clock: 16th century periods 3-5,Not specified publicly,Official Florence system says these recipes are used by talking to Chamber/workshop NPCs; no production skill is needed when crafting in Florence. This was missing from the prior file; user specifically noticed it.,Confirmed bonus + confirmed special recipe,https://gvdb.mydns.jp/db/module/TradeDB/action/ItemShow?id=573 | https://w.atwiki.jp/wiki11_dol/pages/47.html | https://w.atwiki.jp/wiki11_dol/pages/61.html | https://www.gamecity.ne.jp/dol/tierra_americana/chapter1_3.htm,Audit_2026-05-13,Critical
Cinquedea,チンクエディア,Weapon - sword/dagger,Attack 33; Durability 50; fame 9800; Swordplay +1,Florence special production / Chamber of Commerce,Florence special production / exact NPC not resolved in retrieved source,Materials not found in retrieved public source; needs in-game recipe tooltip check,Casting 13 listed by boost source; no skill needed when crafted directly in Florence,Cumulative Florence contribution 20709 mentioned by source; exact contribution cost not retrieved,Florence / cumulative contribution requirement noted,Not specified publicly,"Added as a confirmed Florence-produced booster from skill-boost source, but materials remain unresolved.",Confirmed bonus; recipe/materials need verification,https://w.atwiki.jp/wiki11_dol/pages/61.html | https://dbgames.info/uwo/skills/Swordplay | https://www.gamecity.ne.jp/dol/tierra_americana/chapter1_3.htm,Audit_2026-05-13,High
Chain Gloves / unknown output,鎖でできたグローブ製法,Hand equipment candidate,Bonus not found; recipe product unresolved in GVDB line,Florence special production / Chamber of Commerce,Zita / Chamber of Commerce,Leather Cord x30; Gold x5; Processed Iron x1,Casting 10; no skill needed when crafted in Florence,Casting contribution 580,None found,Not specified publicly,GVDB confirms a Florence/Zita recipe but lists finished product as unknown; included so it is not lost during manual verification.,Candidate: product/bonus needs verification,https://gvdb.mydns.jp/db/module/TradeDB/action/ItemShow?id=4104 | https://www.gamecity.ne.jp/dol/tierra_americana/chapter1_3.htm,Audit_2026-05-13,Medium
Renaissance Dress / unknown output,ルネサンスドレスの仕立て,Body equipment candidate,Bonus not found; recipe product unresolved in GVDB line,Florence special production / Chamber of Commerce,Roberta / Chamber of Commerce,High-grade Clothes x12; Silk Fabric x15; Embroidery Thread x30,Sewing 11; no skill needed when crafted in Florence,Sewing contribution 340,None found,Not specified publicly,GVDB confirms a Florence/Roberta recipe but lists finished product as unknown; included for in-game verification.,Candidate: product/bonus needs verification,https://gvdb.mydns.jp/db/module/TradeDB/action/ItemShow?id=4101 | https://www.gamecity.ne.jp/dol/tierra_americana/chapter1_3.htm,Audit_2026-05-13,Medium
Admiral Outfit / unknown output,提督服の縫製法,Body equipment candidate,Bonus not found; recipe product unresolved in GVDB line,Florence special production / Chamber of Commerce,Roberta / Chamber of Commerce,Woolen Fabric x30; Corduroy x30; Embroidery Thread x30,Sewing 11; no skill needed when crafted in Florence,Sewing contribution 340,None found,Not specified publicly,GVDB confirms a Florence/Roberta recipe but lists finished product as unknown; included for in-game verification.,Candidate: product/bonus needs verification,https://gvdb.mydns.jp/db/module/TradeDB/action/ItemShow?id=4101 | https://www.gamecity.ne.jp/dol/tierra_americana/chapter1_3.htm,Audit_2026-05-13,Medium
Spain Navy Junior Officer Uniform,イスパニア海軍尉官服,Body equipment - Royal navy uniform,Attack 5; Defense 20; Formality 15; Durability 50; fame 150000; Command +1,Florence special production / Chamber of Commerce,Roberta / Chamber of Commerce,Tweed x30; Gold Thread x20; Premium Dye x2,Sewing 1 in recipe source; no skill needed when crafted in Florence,Sewing contribution 600,Royal Fleet achievement 20000 points; Navy Ensign or above (from boost source),Not specified publicly,Country variant of Roberta's navy junior officer uniform recipe.,Confirmed bonus + confirmed special recipe,https://gvdb.mydns.jp/db/module/TradeDB/action/ItemShow?id=4101 | https://w.atwiki.jp/wiki11_dol/pages/53.html | https://www.gamecity.ne.jp/dol/tierra_americana/chapter1_3.htm,Audit_2026-05-13,High
England Navy Junior Officer Uniform,イングランド海軍尉官服,Body equipment - Royal navy uniform,Attack 5; Defense 20; Formality 15; Durability 50; fame 150000; Command +1,Florence special production / Chamber of Commerce,Roberta / Chamber of Commerce,Tweed x30; Gold Thread x20; Premium Dye x2,Sewing 1 in recipe source; no skill needed when crafted in Florence,Sewing contribution 600,Royal Fleet achievement 20000 points; Navy Ensign or above (from boost source),Not specified publicly,Country variant of Roberta's navy junior officer uniform recipe.,Confirmed bonus + confirmed special recipe,https://gvdb.mydns.jp/db/module/TradeDB/action/ItemShow?id=4101 | https://w.atwiki.jp/wiki11_dol/pages/53.html | https://www.gamecity.ne.jp/dol/tierra_americana/chapter1_3.htm,Audit_2026-05-13,High
Ottoman Turkish Navy Junior Officer Uniform,オスマントルコ海軍尉官服,Body equipment - Royal navy uniform,Attack 5; Defense 20; Formality 15; Durability 50; fame 150000; Command +1,Florence special production / Chamber of Commerce,Roberta / Chamber of Commerce,Tweed x30; Gold Thread x20; Premium Dye x2,Sewing 1 in recipe source; no skill needed when crafted in Florence,Sewing contribution 600,Royal Fleet achievement 20000 points; Navy Ensign or above (from boost source),Not specified publicly,Country variant of Roberta's navy junior officer uniform recipe.,Confirmed bonus + confirmed special recipe,https://gvdb.mydns.jp/db/module/TradeDB/action/ItemShow?id=4101 | https://w.atwiki.jp/wiki11_dol/pages/53.html | https://www.gamecity.ne.jp/dol/tierra_americana/chapter1_3.htm,Audit_2026-05-13,High
Netherlands Navy Junior Officer Uniform,ネーデルラント海軍尉官服,Body equipment - Royal navy uniform,Attack 5; Defense 20; Formality 15; Durability 50; fame 150000; Command +1,Florence special production / Chamber of Commerce,Roberta / Chamber of Commerce,Tweed x30; Gold Thread x20; Premium Dye x2,Sewing 1 in recipe source; no skill needed when crafted in Florence,Sewing contribution 600,Royal Fleet achievement 20000 points; Navy Ensign or above (from boost source),Not specified publicly,Country variant of Roberta's navy junior officer uniform recipe.,Confirmed bonus + confirmed special recipe,https://gvdb.mydns.jp/db/module/TradeDB/action/ItemShow?id=4101 | https://w.atwiki.jp/wiki11_dol/pages/53.html | https://www.gamecity.ne.jp/dol/tierra_americana/chapter1_3.htm,Audit_2026-05-13,High
France Navy Junior Officer Uniform,フランス海軍尉官服,Body equipment - Royal navy uniform,Attack 5; Defense 20; Formality 15; Durability 50; fame 150000; Command +1,Florence special production / Chamber of Commerce,Roberta / Chamber of Commerce,Tweed x30; Gold Thread x20; Premium Dye x2,Sewing 1 in recipe source; no skill needed when crafted in Florence,Sewing contribution 600,Royal Fleet achievement 20000 points; Navy Ensign or above (from boost source),Not specified publicly,Country variant of Roberta's navy junior officer uniform recipe.,Confirmed bonus + confirmed special recipe,https://gvdb.mydns.jp/db/module/TradeDB/action/ItemShow?id=4101 | https://w.atwiki.jp/wiki11_dol/pages/53.html | https://www.gamecity.ne.jp/dol/tierra_americana/chapter1_3.htm,Audit_2026-05-13,High
Venice Navy Junior Officer Uniform,ヴェネツィア海軍尉官服,Body equipment - Royal navy uniform,Attack 5; Defense 20; Formality 15; Durability 50; fame 150000; Command +1,Florence special production / Chamber of Commerce,Roberta / Chamber of Commerce,Tweed x30; Gold Thread x20; Premium Dye x2,Sewing 1 in recipe source; no skill needed when crafted in Florence,Sewing contribution 600,Royal Fleet achievement 20000 points; Navy Ensign or above (from boost source),Not specified publicly,Country variant of Roberta's navy junior officer uniform recipe.,Confirmed bonus + confirmed special recipe,https://gvdb.mydns.jp/db/module/TradeDB/action/ItemShow?id=4101 | https://w.atwiki.jp/wiki11_dol/pages/53.html | https://www.gamecity.ne.jp/dol/tierra_americana/chapter1_3.htm,Audit_2026-05-13,High
Portugal Navy Field Officer Uniform,ポルトガル海軍佐官服,Body equipment - Royal navy uniform,Attack 5; Defense 20; Formality 20; Durability 50; fame 175000; Command +2; Gunfire +1,Florence special production / Chamber of Commerce,Roberta / Chamber of Commerce (exact recipe line not recovered in GVDB),Materials not found in retrieved public source; likely Florence sewing recipe line needs in-game check,Sewing 14 listed by boost source; no skill needed when crafted in Florence,Contribution not retrieved,Royal Fleet achievement 34000 points; Navy Major or above (from boost source),Not specified publicly,Added from skill-boost source because the previous file did not include the whole field-officer set.,Confirmed bonus; materials need verification,https://w.atwiki.jp/wiki11_dol/pages/53.html | https://w.atwiki.jp/wiki11_dol/pages/102.html | https://www.gamecity.ne.jp/dol/tierra_americana/chapter1_3.htm,Audit_2026-05-13,High
Spain Navy Field Officer Uniform,イスパニア海軍佐官服,Body equipment - Royal navy uniform,Attack 5; Defense 20; Formality 20; Durability 50; fame 175000; Command +2; Gunfire +1,Florence special production / Chamber of Commerce,Roberta / Chamber of Commerce (exact recipe line not recovered in GVDB),Materials not found in retrieved public source; likely Florence sewing recipe line needs in-game check,Sewing 14 listed by boost source; no skill needed when crafted in Florence,Contribution not retrieved,Royal Fleet achievement 34000 points; Navy Major or above (from boost source),Not specified publicly,Added from skill-boost source because the previous file did not include the whole field-officer set.,Confirmed bonus; materials need verification,https://w.atwiki.jp/wiki11_dol/pages/53.html | https://w.atwiki.jp/wiki11_dol/pages/102.html | https://www.gamecity.ne.jp/dol/tierra_americana/chapter1_3.htm,Audit_2026-05-13,High
England Navy Field Officer Uniform,イングランド海軍佐官服,Body equipment - Royal navy uniform,Attack 5; Defense 20; Formality 20; Durability 50; fame 175000; Command +2; Gunfire +1,Florence special production / Chamber of Commerce,Roberta / Chamber of Commerce (exact recipe line not recovered in GVDB),Materials not found in retrieved public source; likely Florence sewing recipe line needs in-game check,Sewing 14 listed by boost source; no skill needed when crafted in Florence,Contribution not retrieved,Royal Fleet achievement 34000 points; Navy Major or above (from boost source),Not specified publicly,Added from skill-boost source because the previous file did not include the whole field-officer set.,Confirmed bonus; materials need verification,https://w.atwiki.jp/wiki11_dol/pages/53.html | https://w.atwiki.jp/wiki11_dol/pages/102.html | https://www.gamecity.ne.jp/dol/tierra_americana/chapter1_3.htm,Audit_2026-05-13,High
Ottoman Turkish Navy Field Officer Uniform,オスマントルコ海軍佐官服,Body equipment - Royal navy uniform,Attack 5; Defense 20; Formality 20; Durability 50; fame 175000; Command +2; Gunfire +1,Florence special production / Chamber of Commerce,Roberta / Chamber of Commerce (exact recipe line not recovered in GVDB),Materials not found in retrieved public source; likely Florence sewing recipe line needs in-game check,Sewing 14 listed by boost source; no skill needed when crafted in Florence,Contribution not retrieved,Royal Fleet achievement 34000 points; Navy Major or above (from boost source),Not specified publicly,Added from skill-boost source because the previous file did not include the whole field-officer set.,Confirmed bonus; materials need verification,https://w.atwiki.jp/wiki11_dol/pages/53.html | https://w.atwiki.jp/wiki11_dol/pages/102.html | https://www.gamecity.ne.jp/dol/tierra_americana/chapter1_3.htm,Audit_2026-05-13,High
Netherlands Navy Field Officer Uniform,ネーデルラント海軍佐官服,Body equipment - Royal navy uniform,Attack 5; Defense 20; Formality 20; Durability 50; fame 175000; Command +2; Gunfire +1,Florence special production / Chamber of Commerce,Roberta / Chamber of Commerce (exact recipe line not recovered in GVDB),Materials not found in retrieved public source; likely Florence sewing recipe line needs in-game check,Sewing 14 listed by boost source; no skill needed when crafted in Florence,Contribution not retrieved,Royal Fleet achievement 34000 points; Navy Major or above (from boost source),Not specified publicly,Added from skill-boost source because the previous file did not include the whole field-officer set.,Confirmed bonus; materials need verification,https://w.atwiki.jp/wiki11_dol/pages/53.html | https://w.atwiki.jp/wiki11_dol/pages/102.html | https://www.gamecity.ne.jp/dol/tierra_americana/chapter1_3.htm,Audit_2026-05-13,High
France Navy Field Officer Uniform,フランス海軍佐官服,Body equipment - Royal navy uniform,Attack 5; Defense 20; Formality 20; Durability 50; fame 175000; Command +2; Gunfire +1,Florence special production / Chamber of Commerce,Roberta / Chamber of Commerce (exact recipe line not recovered in GVDB),Materials not found in retrieved public source; likely Florence sewing recipe line needs in-game check,Sewing 14 listed by boost source; no skill needed when crafted in Florence,Contribution not retrieved,Royal Fleet achievement 34000 points; Navy Major or above (from boost source),Not specified publicly,Added from skill-boost source because the previous file did not include the whole field-officer set.,Confirmed bonus; materials need verification,https://w.atwiki.jp/wiki11_dol/pages/53.html | https://w.atwiki.jp/wiki11_dol/pages/102.html | https://www.gamecity.ne.jp/dol/tierra_americana/chapter1_3.htm,Audit_2026-05-13,High
Venice Navy Field Officer Uniform,ヴェネツィア海軍佐官服,Body equipment - Royal navy uniform,Attack 5; Defense 20; Formality 20; Durability 50; fame 175000; Command +2; Gunfire +1,Florence special production / Chamber of Commerce,Roberta / Chamber of Commerce (exact recipe line not recovered in GVDB),Materials not found in retrieved public source; likely Florence sewing recipe line needs in-game check,Sewing 14 listed by boost source; no skill needed when crafted in Florence,Contribution not retrieved,Royal Fleet achievement 34000 points; Navy Major or above (from boost source),Not specified publicly,Added from skill-boost source because the previous file did not include the whole field-officer set.,Confirmed bonus; materials need verification,https://w.atwiki.jp/wiki11_dol/pages/53.html | https://w.atwiki.jp/wiki11_dol/pages/102.html | https://www.gamecity.ne.jp/dol/tierra_americana/chapter1_3.htm,Audit_2026-05-13,High
Portugal Navy Admiral Uniform,ポルトガル海軍将官服,Body equipment - Royal navy uniform,Attack 5; Defense 20; Formality 25; Durability 50; fame 200000; Command +3; Gunfire +2; Steering +1,Florence special production / Chamber of Commerce,Roberta / Chamber of Commerce (exact recipe line not recovered in GVDB),Materials not found in retrieved public source; likely Florence sewing recipe line needs in-game check,Sewing 15 listed by boost source; no skill needed when crafted in Florence,Contribution not retrieved,Royal Fleet achievement 48000 points; Rear Admiral or above (from boost source),Not specified publicly,Added from skill-boost sources; this set was incomplete in the previous file.,Confirmed bonus; materials need verification,https://w.atwiki.jp/wiki11_dol/pages/53.html | https://w.atwiki.jp/wiki11_dol/pages/102.html | https://w.atwiki.jp/wiki11_dol/pages/13.html | https://www.gamecity.ne.jp/dol/tierra_americana/chapter1_3.htm,Audit_2026-05-13,High
Spain Navy Admiral Uniform,イスパニア海軍将官服,Body equipment - Royal navy uniform,Attack 5; Defense 20; Formality 25; Durability 50; fame 200000; Command +3; Gunfire +2; Steering +1,Florence special production / Chamber of Commerce,Roberta / Chamber of Commerce (exact recipe line not recovered in GVDB),Materials not found in retrieved public source; likely Florence sewing recipe line needs in-game check,Sewing 15 listed by boost source; no skill needed when crafted in Florence,Contribution not retrieved,Royal Fleet achievement 48000 points; Rear Admiral or above (from boost source),Not specified publicly,Added from skill-boost sources; this set was incomplete in the previous file.,Confirmed bonus; materials need verification,https://w.atwiki.jp/wiki11_dol/pages/53.html | https://w.atwiki.jp/wiki11_dol/pages/102.html | https://w.atwiki.jp/wiki11_dol/pages/13.html | https://www.gamecity.ne.jp/dol/tierra_americana/chapter1_3.htm,Audit_2026-05-13,High
England Navy Admiral Uniform,イングランド海軍将官服,Body equipment - Royal navy uniform,Attack 5; Defense 20; Formality 25; Durability 50; fame 200000; Command +3; Gunfire +2; Steering +1,Florence special production / Chamber of Commerce,Roberta / Chamber of Commerce (exact recipe line not recovered in GVDB),Materials not found in retrieved public source; likely Florence sewing recipe line needs in-game check,Sewing 15 listed by boost source; no skill needed when crafted in Florence,Contribution not retrieved,Royal Fleet achievement 48000 points; Rear Admiral or above (from boost source),Not specified publicly,Added from skill-boost sources; this set was incomplete in the previous file.,Confirmed bonus; materials need verification,https://w.atwiki.jp/wiki11_dol/pages/53.html | https://w.atwiki.jp/wiki11_dol/pages/102.html | https://w.atwiki.jp/wiki11_dol/pages/13.html | https://www.gamecity.ne.jp/dol/tierra_americana/chapter1_3.htm,Audit_2026-05-13,High
Netherlands Navy Admiral Uniform,ネーデルラント海軍将官服,Body equipment - Royal navy uniform,Attack 5; Defense 20; Formality 25; Durability 50; fame 200000; Command +3; Gunfire +2; Steering +1,Florence special production / Chamber of Commerce,Roberta / Chamber of Commerce (exact recipe line not recovered in GVDB),Materials not found in retrieved public source; likely Florence sewing recipe line needs in-game check,Sewing 15 listed by boost source; no skill needed when crafted in Florence,Contribution not retrieved,Royal Fleet achievement 48000 points; Rear Admiral or above (from boost source),Not specified publicly,Added from skill-boost sources; this set was incomplete in the previous file.,Confirmed bonus; materials need verification,https://w.atwiki.jp/wiki11_dol/pages/53.html | https://w.atwiki.jp/wiki11_dol/pages/102.html | https://w.atwiki.jp/wiki11_dol/pages/13.html | https://www.gamecity.ne.jp/dol/tierra_americana/chapter1_3.htm,Audit_2026-05-13,High
France Navy Admiral Uniform,フランス海軍将官服,Body equipment - Royal navy uniform,Attack 5; Defense 20; Formality 25; Durability 50; fame 200000; Command +3; Gunfire +2; Steering +1,Florence special production / Chamber of Commerce,Roberta / Chamber of Commerce (exact recipe line not recovered in GVDB),Materials not found in retrieved public source; likely Florence sewing recipe line needs in-game check,Sewing 15 listed by boost source; no skill needed when crafted in Florence,Contribution not retrieved,Royal Fleet achievement 48000 points; Rear Admiral or above (from boost source),Not specified publicly,Added from skill-boost sources; this set was incomplete in the previous file.,Confirmed bonus; materials need verification,https://w.atwiki.jp/wiki11_dol/pages/53.html | https://w.atwiki.jp/wiki11_dol/pages/102.html | https://w.atwiki.jp/wiki11_dol/pages/13.html | https://www.gamecity.ne.jp/dol/tierra_americana/chapter1_3.htm,Audit_2026-05-13,High
Venice Navy Admiral Uniform,ヴェネツィア海軍将官服,Body equipment - Royal navy uniform,Attack 5; Defense 20; Formality 25; Durability 50; fame 200000; Command +3; Gunfire +2; Steering +1,Florence special production / Chamber of Commerce,Roberta / Chamber of Commerce (exact recipe line not recovered in GVDB),Materials not found in retrieved public source; likely Florence sewing recipe line needs in-game check,Sewing 15 listed by boost source; no skill needed when crafted in Florence,Contribution not retrieved,Royal Fleet achievement 48000 points; Rear Admiral or above (from boost source),Not specified publicly,Added from skill-boost sources; this set was incomplete in the previous file.,Confirmed bonus; materials need verification,https://w.atwiki.jp/wiki11_dol/pages/53.html | https://w.atwiki.jp/wiki11_dol/pages/102.html | https://w.atwiki.jp/wiki11_dol/pages/13.html | https://www.gamecity.ne.jp/dol/tierra_americana/chapter1_3.htm,Audit_2026-05-13,High
Noble Gown,,Body equipment,Skill bonus not confirmed; likely formal/stat equipment only; verify item tooltip in game,Other city NPC production / Basic Sewing (no owned recipe book),London Shopkeeper / Barmaid production,Velvet x20; Gold Thread x20; Fine Fur x5,Sewing rank 10,No Florence contribution; NPC production,,Not specified publicly,Added because Basic Sewing shows this as London NPC production; not found as a +skill booster in the checked boost lists.,Recipe confirmed; bonus needs verification / likely no +skill,https://unchartedwaters.fandom.com/wiki/NPC_Productions/Basic/Sewing,Audit_2026-05-13_v3_other_cities,Medium
Noble Hat,,Head equipment,Skill bonus not confirmed; likely formal/stat equipment only; verify item tooltip in game,Other city NPC production / Basic Sewing (no owned recipe book),London Shopkeeper / Barmaid production,Feathers x15; Felt x20; Embroidery Thread x15,Sewing rank 10,No Florence contribution; NPC production,,Not specified publicly,Added because Basic Sewing shows this as London NPC production; not found as a +skill booster in the checked boost lists.,Recipe confirmed; bonus needs verification / likely no +skill,https://unchartedwaters.fandom.com/wiki/NPC_Productions/Basic/Sewing,Audit_2026-05-13_v3_other_cities,Medium
Noble Dress,,Body equipment,Skill bonus not confirmed; likely formal/stat equipment only; verify item tooltip in game,Other city NPC production / Basic Sewing (no owned recipe book),Marseilles Shopkeeper / Barmaid production,Velvet x20; Gold Thread x20; Fine Fur x5,Sewing rank 10,No Florence contribution; NPC production,,Not specified publicly,Added because Basic Sewing shows this as Marseilles NPC production; not found as a +skill booster in the checked boost lists.,Recipe confirmed; bonus needs verification / likely no +skill,https://unchartedwaters.fandom.com/wiki/NPC_Productions/Basic/Sewing,Audit_2026-05-13_v3_other_cities,Medium
Noble Coronet,,Head equipment,Skill bonus not confirmed; likely formal/stat equipment only; verify item tooltip in game,Other city NPC production / Basic Sewing (no owned recipe book),Marseilles Shopkeeper / Barmaid production,Georgette Fabric x10; Goldwork x10; Jewellery x10,Sewing rank 10,No Florence contribution; NPC production,,Not specified publicly,Added because Basic Sewing shows this as Marseilles NPC production; not found as a +skill booster in the checked boost lists.,Recipe confirmed; bonus needs verification / likely no +skill,https://unchartedwaters.fandom.com/wiki/NPC_Productions/Basic/Sewing,Audit_2026-05-13_v3_other_cities,Medium
Casco Panache / Feather Casco,,Head equipment,Bonus/stats need verification,Other city NPC production / Basic Sewing / Special Production,Portobelo Shopkeeper,Feathers x30; Maya Blue x20; Mulberry x20,Sewing rank 12,No Florence contribution; NPC production,,Not specified publicly,Listed as Casco Panache in Special Production and Feather Casco in Basic Sewing search result wording.,Recipe confirmed; bonus needs verification,https://unchartedwaters.fandom.com/wiki/NPC_Productions/Basic/Sewing | https://unchartedwaters.fandom.com/wiki/Special_Production,Audit_2026-05-13_v3_other_cities,High
Poncho-style Huipl,,Body equipment,Collection +1 (confirmed by dbgames Collection skill page); other stats need verification,Other city NPC production / Basic Sewing,Veracruz Shopkeeper,Cochineal x20; Cotton Fabric x30; Embroidery Thread x30,Sewing rank 15,No Florence contribution; NPC production,,Not specified publicly,Basic Sewing lists the Veracruz recipe; dbgames Collection skill page lists Poncho-style Huipl as Collection +1.,Confirmed bonus + confirmed NPC special recipe,https://unchartedwaters.fandom.com/wiki/NPC_Productions/Basic/Sewing | https://dbgames.info/uwo/skills/Collection,Audit_2026-05-13_v3_other_cities,High
Alpine Resident Clothes,,Body equipment,Durability 40; Defense 10; Dye Trading +1,Other city NPC production / Basic Sewing,Calcutta Shopkeeper,Woollen Fabric x20; Felt x40; Fine Dye x1,Sewing rank 17,No Florence contribution; NPC production,,Plunderable: Yes (per dbgames item page); museum exhibit: No,dbgames item page confirms Produced by recipe Making Alpine Clothing and Dye Trading +1.,Confirmed bonus + confirmed NPC recipe,https://unchartedwaters.fandom.com/wiki/NPC_Productions/Basic/Sewing | https://dbgames.info/uwo/items/Alpine_Resident_Clothes | https://dbgames.info/uwo/skills/Dye_Trading,Audit_2026-05-13_v3_other_cities,High
Alpine Resident Hat,,Head equipment,Bonus/stats need verification,Other city NPC production / Basic Sewing,Calcutta Shopkeeper,Woollen Fabric x20; Felt x20; Fine Dye x1,Sewing rank 17,No Florence contribution; NPC production,,Not specified publicly,Basic Sewing confirms the Calcutta recipe; exact skill bonus was not found in searched public booster pages.,Recipe confirmed; bonus needs verification,https://unchartedwaters.fandom.com/wiki/NPC_Productions/Basic/Sewing,Audit_2026-05-13_v3_other_cities,Medium
Processed Iron,,Material / shipbuilding part material,No skill bonus; material used in shipbuilding/crafting,Other city NPC Special Production / Basic Casting,Ragusa/Trieste/Ceuta Shipwright,Iron x30,Casting rank 6,No Florence contribution; NPC production,,Not specified publicly,Added/updated from Basic Casting and Special Production pages; this is outside Florence/Chamber list.,"Recipe confirmed; material/tool, not a +skill equipment",https://unchartedwaters.fandom.com/wiki/NPC_Productions/Basic/Casting | https://unchartedwaters.fandom.com/wiki/Special_Production,Audit_2026-05-13_v3_other_cities,Medium
Set of Dismantling Tools,,Tool / ship equipment utility,Use/effect needs verification; no +skill found,Other city NPC Special Production / Basic Casting,Trebizond Shipwright,Lumber x20; Carpentry Tools x10; The Drill of Destruction x20,Casting rank 8,No Florence contribution; NPC production,,Not specified publicly,Added/updated from Basic Casting and Special Production pages; this is outside Florence/Chamber list.,Recipe confirmed; tool effect needs verification,https://unchartedwaters.fandom.com/wiki/NPC_Productions/Basic/Casting | https://unchartedwaters.fandom.com/wiki/Special_Production,Audit_2026-05-13_v3_other_cities,Medium
Modified Light Gun Port,,Ship part / gun port,Ship-part stats need verification,Other city NPC Special Production / Basic Casting,Amsterdam Weaponsmith,Iron x20; Lumber x20,Casting rank 5,No Florence contribution; NPC production,,Not specified publicly,Added/updated from Basic Casting and Special Production pages; this is outside Florence/Chamber list.,Recipe confirmed; ship-part stats need verification,https://unchartedwaters.fandom.com/wiki/NPC_Productions/Basic/Casting | https://unchartedwaters.fandom.com/wiki/Special_Production,Audit_2026-05-13_v3_other_cities,Medium
Custom Cannon 14,,Cannon / ship weapon,Cannon stats need verification; enhanced/custom 14-gun cannon recipe,Other city NPC Special Production / Basic Casting,Skilled Caster: Trujillo/Cayenne/Willemstad/Grand Cayman/Pernambuco/Caracas (source says some to be confirmed),Cannon x29; Cannon Shot x32; Steel x29,Casting rank 13; Firearms Trading rank 5,No Florence contribution; NPC production,,Not specified publicly,Added/updated from Basic Casting and Special Production pages; this is outside Florence/Chamber list.,Recipe confirmed; cannon stats need verification,https://unchartedwaters.fandom.com/wiki/NPC_Productions/Basic/Casting | https://unchartedwaters.fandom.com/wiki/Special_Production,Audit_2026-05-13_v3_other_cities,Medium
Custom Carronade 14,,Cannon / ship weapon,Cannon stats need verification; enhanced/custom 14-gun carronade recipe,Other city NPC Special Production / Basic Casting,Skilled Caster: Trujillo/Cayenne/Willemstad/Grand Cayman/Pernambuco/Caracas (source says some to be confirmed),Cannon x34; Cannon Shot x36; Steel x34,Casting rank 14; Firearms Trading rank 5,No Florence contribution; NPC production,,Not specified publicly,Added/updated from Basic Casting and Special Production pages; this is outside Florence/Chamber list.,Recipe confirmed; cannon stats need verification,https://unchartedwaters.fandom.com/wiki/NPC_Productions/Basic/Casting | https://unchartedwaters.fandom.com/wiki/Special_Production,Audit_2026-05-13_v3_other_cities,Medium
Small Latin Sail,,Ship part / auxiliary sail,Ship-part stats need verification,Other city NPC Special Production / Basic Sewing,Amsterdam/London/Lisbon/Seville/Venice Sailmaker,Hemp Fabric x10; Lumber x10; Rope x1,Sewing rank 5,No Florence contribution; NPC production,,Not specified publicly,Added from Basic Sewing and/or Special Production pages; outside Florence/Chamber list.,Recipe confirmed; ship-part stats need verification,https://unchartedwaters.fandom.com/wiki/NPC_Productions/Basic/Sewing | https://unchartedwaters.fandom.com/wiki/Special_Production,Audit_2026-05-13_v3_other_cities,Medium
Small Square Sail,,Ship part / auxiliary sail,Ship-part stats need verification,Other city NPC Special Production / Basic Sewing,Amsterdam/London/Lisbon/Seville/Venice Sailmaker,Hemp Fabric x10; Lumber x10; Rope x1,Sewing rank 6,No Florence contribution; NPC production,,Not specified publicly,Added from Basic Sewing and/or Special Production pages; outside Florence/Chamber list.,Recipe confirmed; ship-part stats need verification,https://unchartedwaters.fandom.com/wiki/NPC_Productions/Basic/Sewing | https://unchartedwaters.fandom.com/wiki/Special_Production,Audit_2026-05-13_v3_other_cities,Medium
High Quality Rigging,,Ship part / rigging,Ship-part stats need verification,Other city NPC Special Production / Basic Sewing,Amsterdam/London/Lisbon/Seville/Venice Sailmaker; Marseilles shopkeeper recipe also listed in snippets,Iron x10; Lumber x20; Rope x1,Sewing rank 5,No Florence contribution; NPC production,,Not specified publicly,Added from Basic Sewing and/or Special Production pages; outside Florence/Chamber list.,Recipe confirmed; ship-part stats need verification,https://unchartedwaters.fandom.com/wiki/NPC_Productions/Basic/Sewing | https://unchartedwaters.fandom.com/wiki/Special_Production,Audit_2026-05-13_v3_other_cities,Medium
Small Gaff Sail,,Ship part / auxiliary sail,Ship-part stats need verification,Other city NPC Special Production / Basic Sewing,Amsterdam/London/Lisbon/Seville/Venice Sailmaker,Hemp Fabric x10; Lumber x10; Rope x1,Sewing rank 7,No Florence contribution; NPC production,,Not specified publicly,Added from Basic Sewing and/or Special Production pages; outside Florence/Chamber list.,Recipe confirmed; ship-part stats need verification,https://unchartedwaters.fandom.com/wiki/NPC_Productions/Basic/Sewing | https://unchartedwaters.fandom.com/wiki/Special_Production,Audit_2026-05-13_v3_other_cities,Medium
Medium Latin Sail,,Ship part / auxiliary sail,Ship-part stats need verification,Other city NPC Special Production / Basic Sewing,Antwerp/Bergen/Pisa/Ceuta/Valencia/Ragusa/Salonika Sailmaker,Hemp Fabric x20; Lumber x20; Improved Rope x1,Sewing rank 9,No Florence contribution; NPC production,,Not specified publicly,Added from Basic Sewing and/or Special Production pages; outside Florence/Chamber list.,Recipe confirmed; ship-part stats need verification,https://unchartedwaters.fandom.com/wiki/NPC_Productions/Basic/Sewing | https://unchartedwaters.fandom.com/wiki/Special_Production,Audit_2026-05-13_v3_other_cities,Medium
Medium Square Sail,,Ship part / auxiliary sail,Ship-part stats need verification,Other city NPC Special Production / Basic Sewing,Antwerp/Bergen/Pisa/Ceuta/Valencia/Ragusa/Salonika Sailmaker,Hemp Fabric x20; Lumber x20; Improved Rope x1,Sewing rank 10,No Florence contribution; NPC production,,Not specified publicly,Added from Basic Sewing and/or Special Production pages; outside Florence/Chamber list.,Recipe confirmed; ship-part stats need verification,https://unchartedwaters.fandom.com/wiki/NPC_Productions/Basic/Sewing | https://unchartedwaters.fandom.com/wiki/Special_Production,Audit_2026-05-13_v3_other_cities,Medium
Medium Gaff Sail,,Ship part / auxiliary sail,Ship-part stats need verification,Other city NPC Special Production / Basic Sewing,Antwerp/Bergen/Pisa/Ceuta/Valencia/Ragusa/Salonika Sailmaker,Hemp Fabric x20; Lumber x20; Improved Rope x1,Sewing rank 11,No Florence contribution; NPC production,,Not specified publicly,Added from Basic Sewing and/or Special Production pages; outside Florence/Chamber list.,Recipe confirmed; ship-part stats need verification,https://unchartedwaters.fandom.com/wiki/NPC_Productions/Basic/Sewing | https://unchartedwaters.fandom.com/wiki/Special_Production,Audit_2026-05-13_v3_other_cities,Medium
Large Latin Sail,,Ship part / auxiliary sail,Ship-part stats need verification,Other city NPC Special Production / Basic Sewing,Trujillo/Pernambuco/Caracas/Cayenne/Willemstad/Grand Cayman/Busan/Nagasaki/Anping/Hangzhou Sailmaker,Hemp Fabric x30; Processed Lumber x1; Improved Rope x1,Sewing rank 13,No Florence contribution; NPC production,,Not specified publicly,Added from Basic Sewing and/or Special Production pages; outside Florence/Chamber list.,Recipe confirmed; ship-part stats need verification,https://unchartedwaters.fandom.com/wiki/NPC_Productions/Basic/Sewing | https://unchartedwaters.fandom.com/wiki/Special_Production,Audit_2026-05-13_v3_other_cities,Medium
Large Square Sail,,Ship part / auxiliary sail,Ship-part stats need verification,Other city NPC Special Production / Basic Sewing,Trujillo/Pernambuco/Caracas/Cayenne/Willemstad/Grand Cayman/Busan/Nagasaki/Anping/Hangzhou Sailmaker,Hemp Fabric x30; Processed Lumber x1; Improved Rope x1,Sewing rank 14,No Florence contribution; NPC production,,Not specified publicly,Added from Basic Sewing and/or Special Production pages; outside Florence/Chamber list.,Recipe confirmed; ship-part stats need verification,https://unchartedwaters.fandom.com/wiki/NPC_Productions/Basic/Sewing | https://unchartedwaters.fandom.com/wiki/Special_Production,Audit_2026-05-13_v3_other_cities,Medium
Large Gaff Sail,,Ship part / auxiliary sail,Ship-part stats need verification,Other city NPC Special Production / Basic Sewing,Trujillo/Pernambuco/Caracas/Cayenne/Willemstad/Grand Cayman/Busan/Nagasaki/Anping/Hangzhou Sailmaker,Hemp Fabric x30; Processed Lumber x1; Improved Rope x1,Sewing rank 15,No Florence contribution; NPC production,,Not specified publicly,Added from Basic Sewing and/or Special Production pages; outside Florence/Chamber list.,Recipe confirmed; ship-part stats need verification,https://unchartedwaters.fandom.com/wiki/NPC_Productions/Basic/Sewing | https://unchartedwaters.fandom.com/wiki/Special_Production,Audit_2026-05-13_v3_other_cities,Medium
Small Junk Sail,,Ship part / East Asian sail,Ship-part stats need verification,Other city NPC Special Production / Basic Sewing,Busan/Nagasaki/Tamsui Shipyard Master,East Asia Shipbuilding Techniques x1; Processed Lumber x1; Rope x1,Sewing rank 12,No Florence contribution; NPC production,,Not specified publicly,Added from Basic Sewing and/or Special Production pages; outside Florence/Chamber list.,Recipe confirmed; ship-part stats need verification,https://unchartedwaters.fandom.com/wiki/NPC_Productions/Basic/Sewing | https://unchartedwaters.fandom.com/wiki/Special_Production,Audit_2026-05-13_v3_other_cities,Medium
Middle Junk Sail,,Ship part / East Asian sail,Ship-part stats need verification,Other city NPC Special Production / Basic Sewing,Busan/Nagasaki/Tamsui Shipyard Master,East Asia Shipbuilding Techniques x1; Processed Lumber x1; Rope x1,Sewing rank 14,No Florence contribution; NPC production,,Not specified publicly,Added from Basic Sewing and/or Special Production pages; outside Florence/Chamber list.,Recipe confirmed; ship-part stats need verification,https://unchartedwaters.fandom.com/wiki/NPC_Productions/Basic/Sewing | https://unchartedwaters.fandom.com/wiki/Special_Production,Audit_2026-05-13_v3_other_cities,Medium
Large Junk Sail,,Ship part / East Asian sail,Ship-part stats need verification,Other city NPC Special Production / Basic Sewing,Busan/Nagasaki/Tamsui Shipyard Master,East Asia Shipbuilding Techniques x2; Processed Lumber x1; Rope x1,Sewing rank 16,No Florence contribution; NPC production,,Not specified publicly,Added from Basic Sewing and/or Special Production pages; outside Florence/Chamber list.,Recipe confirmed; ship-part stats need verification,https://unchartedwaters.fandom.com/wiki/NPC_Productions/Basic/Sewing | https://unchartedwaters.fandom.com/wiki/Special_Production,Audit_2026-05-13_v3_other_cities,Medium
Painter Rope,,Ship part / rope,Ship-part stats need verification,Other city NPC Special Production / Basic Sewing,Calicut Shipwright,Metal Work x1; Rope x1; Improved Rope x1,Sewing rank 12,No Florence contribution; NPC production,,Not specified publicly,Added from Basic Sewing and/or Special Production pages; outside Florence/Chamber list.,Recipe confirmed; ship-part stats need verification,https://unchartedwaters.fandom.com/wiki/NPC_Productions/Basic/Sewing | https://unchartedwaters.fandom.com/wiki/Special_Production,Audit_2026-05-13_v3_other_cities,Medium
Anti-skid Rope,,Ship part / rope,Ship-part stats need verification,Other city NPC Special Production / Basic Sewing,Bahia Shipwright,Hemp Fabric x30; Rope x1; Improved Rope x1,Sewing rank 12,No Florence contribution; NPC production,,Not specified publicly,Added from Basic Sewing and/or Special Production pages; outside Florence/Chamber list.,Recipe confirmed; ship-part stats need verification,https://unchartedwaters.fandom.com/wiki/NPC_Productions/Basic/Sewing | https://unchartedwaters.fandom.com/wiki/Special_Production,Audit_2026-05-13_v3_other_cities,Medium
Tangle Net,,Ship part / special equipment,Ship-part stats need verification; source says used to slow action by entangling rudders or oars,Other city NPC Special Production / Basic Sewing,Alexandria Shipwright,Metal Work x1; Rope x1; Improved Rope x1,Sewing rank 12,No Florence contribution; NPC production,,Not specified publicly,Added from Basic Sewing and/or Special Production pages; outside Florence/Chamber list.,Recipe confirmed; ship-part stats need verification,https://unchartedwaters.fandom.com/wiki/NPC_Productions/Basic/Sewing | https://unchartedwaters.fandom.com/wiki/Special_Production,Audit_2026-05-13_v3_other_cities,Medium
Traverse Rope,,Ship part / special equipment,Ship-part stats need verification; source says attack net modified to board the enemy ship,Other city NPC Special Production / Basic Sewing,Santo Domingo Shipwright,Metal Work x1; Rope x1; Improved Rope x1,Sewing rank 14,No Florence contribution; NPC production,,Not specified publicly,Added from Basic Sewing and/or Special Production pages; outside Florence/Chamber list.,Recipe confirmed; ship-part stats need verification,https://unchartedwaters.fandom.com/wiki/NPC_Productions/Basic/Sewing | https://unchartedwaters.fandom.com/wiki/Special_Production,Audit_2026-05-13_v3_other_cities,Medium
Equipment Layering Tools,,Tool / equipment appearance utility,Use/effect: allows adventurer to wear layered equipment; no +skill bonus,Other city NPC Special Production / Basic Handicrafts,Venice Barmaid,Sewing Set x10; Dyestuff x10,Handicrafts rank 7,No Florence contribution; NPC production,,Not specified publicly,Added to cover non-Florence NPC production/tool/ship parts. Some are not +skill equipment but are special craft outputs.,Recipe confirmed; utility item,https://unchartedwaters.fandom.com/wiki/NPC_Productions/Basic/Handicrafts | https://unchartedwaters.fandom.com/wiki/Special_Production,Audit_2026-05-13_v3_other_cities,Medium
Set of Repair Tools,,Tool / ship utility,Use/effect needs verification; likely repair utility; no +skill bonus,Other city NPC Special Production / Basic Handicrafts,Sofala Shipwright,Carpentry Tools x10; Spare Sail x10; Spare Rudder Wheel x10,Handicrafts rank 8,No Florence contribution; NPC production,,Not specified publicly,Added to cover non-Florence NPC production/tool/ship parts. Some are not +skill equipment but are special craft outputs.,Recipe confirmed; bonus/stats need verification,https://unchartedwaters.fandom.com/wiki/NPC_Productions/Basic/Handicrafts | https://unchartedwaters.fandom.com/wiki/Special_Production,Audit_2026-05-13_v3_other_cities,Medium
Assault Cabin,,Ship part / special cabin,Ship-part stats need verification,Other city NPC Special Production / Basic Handicrafts,Pohang/Sakai/Tamsui/Macau Shipwright,East Asia Shipbuilding Techniques x2; Special Ship Hold x1; Processed Lumber x1,Handicrafts rank 12,No Florence contribution; NPC production,,Not specified publicly,Added to cover non-Florence NPC production/tool/ship parts. Some are not +skill equipment but are special craft outputs.,Recipe confirmed; bonus/stats need verification,https://unchartedwaters.fandom.com/wiki/NPC_Productions/Basic/Handicrafts | https://unchartedwaters.fandom.com/wiki/Special_Production,Audit_2026-05-13_v3_other_cities,Medium
Admiral's Cabin,,Ship part / special cabin,Ship-part stats need verification,Other city NPC Special Production / Basic Handicrafts,Aden Shipwright,Materials need verification from full source page,Handicrafts rank not fully extracted,No Florence contribution; NPC production,,Not specified publicly,Added to cover non-Florence NPC production/tool/ship parts. Some are not +skill equipment but are special craft outputs.,Recipe confirmed; bonus/stats need verification,https://unchartedwaters.fandom.com/wiki/NPC_Productions/Basic/Handicrafts | https://unchartedwaters.fandom.com/wiki/Special_Production,Audit_2026-05-13_v3_other_cities,Medium
"Flat Deck, Medium Hull",,Ship part / hull,Ship-part stats need verification,Other city NPC Special Production / Basic Handicrafts,Ragusa Shipyard Master,Processed Lumber x1; Metal Work x1,Handicrafts rank 4; Shipbuilding rank 9,No Florence contribution; NPC production,,Not specified publicly,Added to cover non-Florence NPC production/tool/ship parts. Some are not +skill equipment but are special craft outputs.,Recipe confirmed; bonus/stats need verification,https://unchartedwaters.fandom.com/wiki/NPC_Productions/Basic/Handicrafts | https://unchartedwaters.fandom.com/wiki/Special_Production,Audit_2026-05-13_v3_other_cities,Medium
"Two Deck, Medium Hull",,Ship part / hull,Ship-part stats need verification,Other city NPC Special Production / Basic Handicrafts,Ragusa Shipyard Master,Processed Lumber x1; Metal Work x1,Handicrafts rank 4; Shipbuilding rank 10,No Florence contribution; NPC production,,Not specified publicly,Added to cover non-Florence NPC production/tool/ship parts. Some are not +skill equipment but are special craft outputs.,Recipe confirmed; bonus/stats need verification,https://unchartedwaters.fandom.com/wiki/NPC_Productions/Basic/Handicrafts | https://unchartedwaters.fandom.com/wiki/Special_Production,Audit_2026-05-13_v3_other_cities,Medium
Commander's Medium 2-decked Hull,,Ship part / hull,Ship-part stats need verification,Other city NPC Special Production / Basic Handicrafts,Buenos Aires/Caracas/Cayenne/Diu/Grand Cayman/Mozambique/Pernambuco/Pondicherry/Trujillo/Willemstad Shipwright,Famous Admiral's Staff x1; Steel x3; Medium 2-decked Hull x1,Handicrafts rank 12; Shipbuilding rank 10,No Florence contribution; NPC production,,Not specified publicly,Added to cover non-Florence NPC production/tool/ship parts. Some are not +skill equipment but are special craft outputs.,Recipe confirmed; bonus/stats need verification,https://unchartedwaters.fandom.com/wiki/NPC_Productions/Basic/Handicrafts | https://unchartedwaters.fandom.com/wiki/Special_Production,Audit_2026-05-13_v3_other_cities,Medium
Commander's Medium Row Boat,,Ship part / hull,Ship-part stats need verification,Other city NPC Special Production / Basic Handicrafts,Buenos Aires/Caracas/Cayenne/Diu/Grand Cayman/Mozambique/Pernambuco/Pondicherry/Trujillo/Willemstad Shipwright,Famous Admiral's Staff x1; Steel x3; Medium Row Boat x1,Handicrafts rank 12; Shipbuilding rank 10,No Florence contribution; NPC production,,Not specified publicly,Added to cover non-Florence NPC production/tool/ship parts. Some are not +skill equipment but are special craft outputs.,Recipe confirmed; bonus/stats need verification,https://unchartedwaters.fandom.com/wiki/NPC_Productions/Basic/Handicrafts | https://unchartedwaters.fandom.com/wiki/Special_Production,Audit_2026-05-13_v3_other_cities,Medium
Official Large Row Boat,,Ship part / hull,Ship-part stats need verification,Other city NPC Special Production / Basic Handicrafts,Buenos Aires/Caracas/Cayenne/Diu/Grand Cayman/Mozambique/Pernambuco/Pondicherry/Trujillo/Willemstad Shipwright,Heavily Armoured Sterncastle x1; Steel x4; Large Row Boat x1,Handicrafts rank 13; Shipbuilding rank 14,No Florence contribution; NPC production,,Not specified publicly,Added to cover non-Florence NPC production/tool/ship parts. Some are not +skill equipment but are special craft outputs.,Recipe confirmed; bonus/stats need verification,https://unchartedwaters.fandom.com/wiki/NPC_Productions/Basic/Handicrafts | https://unchartedwaters.fandom.com/wiki/Special_Production,Audit_2026-05-13_v3_other_cities,Medium
Official Large 2-decked Hull,,Ship part / hull,Ship-part stats need verification,Other city NPC Special Production / Basic Handicrafts,Buenos Aires/Caracas/Cayenne/Diu/Grand Cayman/Mozambique/Pernambuco/Pondicherry/Trujillo/Willemstad Shipwright,Heavily Armoured Sterncastle x1; Steel x5; Large 2-decked Hull x1,Handicrafts rank 14; Shipbuilding rank 15,No Florence contribution; NPC production,,Not specified publicly,Added to cover non-Florence NPC production/tool/ship parts. Some are not +skill equipment but are special craft outputs.,Recipe confirmed; bonus/stats need verification,https://unchartedwaters.fandom.com/wiki/NPC_Productions/Basic/Handicrafts | https://unchartedwaters.fandom.com/wiki/Special_Production,Audit_2026-05-13_v3_other_cities,Medium
